table	key	field	before	after	tier_a_upgrade
adc_asset_universe.tsv	NAR_DRG0AJCCS	sources	nar_reference; conference_abstract_corpus	nar_reference; conference_abstract_corpus; conference_crossref_search	False
adc_asset_universe.tsv	NAR_DRG0AZUEZ	sources	nar_reference; conference_abstract_corpus	nar_reference; conference_abstract_corpus; conference_crossref_search	False
adc_asset_universe.tsv	NAR_DRG0BPIAV	sources	nar_reference; conference_abstract_corpus	nar_reference; conference_abstract_corpus; conference_crossref_search	False
adc_asset_universe.tsv	NAR_DRG0BWCTV	sources	nar_reference; conference_abstract_corpus	nar_reference; conference_abstract_corpus; conference_crossref_search	False
adc_asset_universe.tsv	NAR_DRG0CAEXH	adc_scope	REFERENCE_UNCLASSIFIED	PRESUMED_ADC	False
adc_asset_universe.tsv	NAR_DRG0CAEXH	catalog_status	REFERENCE_CONFIRMED	MULTISOURCE_CONFIRMED	False
adc_asset_universe.tsv	NAR_DRG0CAEXH	sources	nar_reference	nar_reference; conference_crossref_search	False
adc_asset_universe.tsv	NAR_DRG0CCEQO	sources	nar_reference; conference_abstract_corpus	nar_reference; conference_abstract_corpus; conference_crossref_search	False
adc_asset_universe.tsv	NAR_DRG0CDYJL	sources	nar_reference; clinicaltrials; conference_abstract_corpus	nar_reference; clinicaltrials; conference_abstract_corpus; conference_crossref_search	False
adc_asset_universe.tsv	NAR_DRG0CECRA	sources	nar_reference; clinicaltrials; conference_abstract_corpus; europe_pmc; pubmed	nar_reference; clinicaltrials; conference_abstract_corpus; conference_crossref_search; europe_pmc; pubmed	False
adc_asset_universe.tsv	NAR_DRG0CIZWI	sources	nar_reference; clinicaltrials; conference_abstract_corpus	nar_reference; clinicaltrials; conference_abstract_corpus; conference_crossref_search	False
adc_asset_universe.tsv	NAR_DRG0DAKKB	sources	nar_reference; clinicaltrials; conference_abstract_corpus; europe_pmc	nar_reference; clinicaltrials; conference_abstract_corpus; conference_crossref_search; europe_pmc	False
adc_asset_universe.tsv	NAR_DRG0DEGEG	sources	nar_reference; clinicaltrials; conference_abstract_corpus; europe_pmc	nar_reference; clinicaltrials; conference_abstract_corpus; conference_crossref_search; europe_pmc	False
adc_asset_universe.tsv	NAR_DRG0EWQKX	sources	nar_reference; clinicaltrials; conference_abstract_corpus	nar_reference; clinicaltrials; conference_abstract_corpus; conference_crossref_search	False
adc_asset_universe.tsv	NAR_DRG0EZVZS	sources	nar_reference; clinicaltrials; conference_abstract_corpus	nar_reference; clinicaltrials; conference_abstract_corpus; conference_crossref_search	False
adc_asset_universe.tsv	NAR_DRG0FGLFW	sources	nar_reference; conference_abstract_corpus	nar_reference; conference_abstract_corpus; conference_crossref_search	False
adc_asset_universe.tsv	NAR_DRG0FMCLF	sources	nar_reference; conference_abstract_corpus; europe_pmc	nar_reference; conference_abstract_corpus; conference_crossref_search; europe_pmc	False
adc_asset_universe.tsv	NAR_DRG0GYCJG	sources	nar_reference; europe_pmc	nar_reference; conference_crossref_search; europe_pmc	False
adc_asset_universe.tsv	NAR_DRG0HOBUN	sources	nar_reference; clinicaltrials; conference_abstract_corpus; europe_pmc	nar_reference; clinicaltrials; conference_abstract_corpus; conference_crossref_search; europe_pmc	False
adc_asset_universe.tsv	NAR_DRG0IYBRT	sources	nar_reference; europe_pmc	nar_reference; conference_crossref_search; europe_pmc	False
adc_asset_universe.tsv	NAR_DRG0JQAJB	sources	nar_reference; conference_abstract_corpus	nar_reference; conference_abstract_corpus; conference_crossref_search	False
adc_asset_universe.tsv	NAR_DRG0JTQDR	sources	nar_reference; europe_pmc; clinicaltrials; conference_abstract_corpus	nar_reference; europe_pmc; conference_crossref_search; clinicaltrials; conference_abstract_corpus	False
adc_asset_universe.tsv	NAR_DRG0KKATK	sources	nar_reference; clinicaltrials; conference_abstract_corpus; europe_pmc	nar_reference; clinicaltrials; conference_abstract_corpus; conference_crossref_search; europe_pmc	False
adc_asset_universe.tsv	NAR_DRG0LFZFX	adc_scope	REFERENCE_UNCLASSIFIED	PRESUMED_ADC	False
adc_asset_universe.tsv	NAR_DRG0LFZFX	catalog_status	REFERENCE_CONFIRMED	MULTISOURCE_CONFIRMED	False
adc_asset_universe.tsv	NAR_DRG0LFZFX	sources	nar_reference	nar_reference; conference_crossref_search	False
adc_asset_universe.tsv	NAR_DRG0LNVKG	sources	nar_reference; clinicaltrials; conference_abstract_corpus; europe_pmc; pubmed	nar_reference; clinicaltrials; conference_abstract_corpus; conference_crossref_search; europe_pmc; pubmed	False
adc_asset_universe.tsv	NAR_DRG0MSOOX	sources	nar_reference; conference_abstract_corpus	nar_reference; conference_abstract_corpus; conference_crossref_search	False
adc_asset_universe.tsv	NAR_DRG0OGZEE	adc_scope	REFERENCE_UNCLASSIFIED	PRESUMED_ADC	False
adc_asset_universe.tsv	NAR_DRG0OGZEE	catalog_status	REFERENCE_CONFIRMED	MULTISOURCE_CONFIRMED	False
adc_asset_universe.tsv	NAR_DRG0OGZEE	sources	nar_reference	nar_reference; conference_crossref_search	False
adc_asset_universe.tsv	NAR_DRG0PULZQ	sources	nar_reference; europe_pmc	nar_reference; conference_crossref_search; europe_pmc	False
adc_asset_universe.tsv	NAR_DRG0RIPVI	sources	nar_reference; clinicaltrials; conference_abstract_corpus; europe_pmc; pubmed	nar_reference; clinicaltrials; conference_abstract_corpus; conference_crossref_search; europe_pmc; pubmed	False
adc_asset_universe.tsv	NAR_DRG0RRDEF	sources	nar_reference; clinicaltrials; conference_abstract_corpus; europe_pmc	nar_reference; clinicaltrials; conference_abstract_corpus; conference_crossref_search; europe_pmc	False
adc_asset_universe.tsv	NAR_DRG0SIMLV	sources	nar_reference; conference_abstract_corpus; europe_pmc; clinicaltrials	nar_reference; conference_abstract_corpus; conference_crossref_search; europe_pmc; clinicaltrials	False
adc_asset_universe.tsv	NAR_DRG0TSLDF	sources	nar_reference; clinicaltrials; conference_abstract_corpus; europe_pmc	nar_reference; clinicaltrials; conference_abstract_corpus; conference_crossref_search; europe_pmc	False
adc_asset_universe.tsv	NAR_DRG0TTTUA	sources	nar_reference; clinicaltrials	nar_reference; clinicaltrials; conference_crossref_search	False
adc_asset_universe.tsv	NAR_DRG0UHEOR	adc_scope	REFERENCE_UNCLASSIFIED	PRESUMED_ADC	False
adc_asset_universe.tsv	NAR_DRG0UHEOR	catalog_status	REFERENCE_CONFIRMED	MULTISOURCE_CONFIRMED	False
adc_asset_universe.tsv	NAR_DRG0UHEOR	sources	nar_reference	nar_reference; conference_crossref_search	False
adc_asset_universe.tsv	NAR_DRG0VIUMF	sources	nar_reference; clinicaltrials; conference_abstract_corpus	nar_reference; clinicaltrials; conference_abstract_corpus; conference_crossref_search	False
adc_asset_universe.tsv	NAR_DRG0VJROY	sources	nar_reference; clinicaltrials; conference_abstract_corpus	nar_reference; clinicaltrials; conference_abstract_corpus; conference_crossref_search	False
adc_asset_universe.tsv	NAR_DRG0VYKSA	adc_scope	REFERENCE_UNCLASSIFIED	PRESUMED_ADC	False
adc_asset_universe.tsv	NAR_DRG0VYKSA	catalog_status	REFERENCE_CONFIRMED	MULTISOURCE_CONFIRMED	False
adc_asset_universe.tsv	NAR_DRG0VYKSA	sources	nar_reference	nar_reference; conference_crossref_search	False
adc_asset_universe.tsv	NAR_DRG0WCTHL	sources	nar_reference; conference_abstract_corpus; europe_pmc	nar_reference; conference_abstract_corpus; conference_crossref_search; europe_pmc	False
adc_asset_universe.tsv	NAR_DRG0WIBDT	sources	nar_reference; conference_abstract_corpus; europe_pmc; pubmed	nar_reference; conference_abstract_corpus; conference_crossref_search; europe_pmc; pubmed	False
adc_asset_universe.tsv	NAR_DRG0WOJVL	sources	nar_reference; clinicaltrials; conference_abstract_corpus; europe_pmc	nar_reference; clinicaltrials; conference_abstract_corpus; conference_crossref_search; europe_pmc	False
adc_asset_universe.tsv	NAR_DRG0WWBVZ	sources	nar_reference; conference_abstract_corpus; europe_pmc	nar_reference; conference_abstract_corpus; conference_crossref_search; europe_pmc	False
adc_asset_universe.tsv	NAR_DRG0YHPYG	sources	nar_reference; conference_abstract_corpus; europe_pmc	nar_reference; conference_abstract_corpus; conference_crossref_search; europe_pmc	False
adc_asset_universe.tsv	OURS_ADC_CANDIDATE_ADC_SUFFIX_e1a3cb555c56	sources	clinicaltrials; conference_abstract_corpus; europe_pmc; pubmed	clinicaltrials; conference_abstract_corpus; conference_crossref_search; europe_pmc; pubmed	False
adc_asset_universe.tsv	OURS_ADC_SUFFIX_0658d4488439	sources	conference_abstract_corpus	conference_abstract_corpus; conference_crossref_search	False
adc_asset_universe.tsv	OURS_ADC_SUFFIX_1242de8a1dc7	sources	clinicaltrials; conference_abstract_corpus	clinicaltrials; conference_abstract_corpus; conference_crossref_search	False
adc_asset_universe.tsv	OURS_ADC_SUFFIX_34f2ed75b35c	sources	conference_abstract_corpus	conference_abstract_corpus; conference_crossref_search	False
adc_asset_universe.tsv	OURS_ADC_SUFFIX_394eeb5b5453	sources	europe_pmc	conference_crossref_search; europe_pmc	False
adc_asset_universe.tsv	OURS_ADC_SUFFIX_597cfe5edd1a	sources	clinicaltrials; conference_abstract_corpus	clinicaltrials; conference_abstract_corpus; conference_crossref_search	False
adc_asset_universe.tsv	OURS_ADC_SUFFIX_6d4e47204bdd	sources	conference_abstract_corpus; europe_pmc	conference_abstract_corpus; conference_crossref_search; europe_pmc	False
adc_asset_universe.tsv	OURS_ADC_SUFFIX_85875a889934	sources	conference_abstract_corpus	conference_abstract_corpus; conference_crossref_search	False
adc_asset_universe.tsv	OURS_ADC_SUFFIX_8a7616020c3f	sources	conference_abstract_corpus	conference_abstract_corpus; conference_crossref_search	False
adc_asset_universe.tsv	OURS_ADC_SUFFIX_965d2a5cdcd8	sources	conference_abstract_corpus; europe_pmc; pubmed	conference_abstract_corpus; conference_crossref_search; europe_pmc; pubmed	False
adc_asset_universe.tsv	OURS_ADC_SUFFIX_cd62f9575d7d	sources	conference_abstract_corpus; europe_pmc; pubmed	conference_abstract_corpus; conference_crossref_search; europe_pmc; pubmed	False
adc_asset_universe.tsv	OURS_ADC_SUFFIX_d406ff0b27e0	sources	conference_abstract_corpus	conference_abstract_corpus; conference_crossref_search	False
adc_asset_universe.tsv	OURS_ADC_SUFFIX_e94d4ba9d7a0	sources	clinicaltrials; conference_abstract_corpus; europe_pmc	clinicaltrials; conference_abstract_corpus; conference_crossref_search; europe_pmc	False
candidate_queue.tsv	ADC_SUFFIX_0005d1a45508	source	clinicaltrials; conference_abstract_corpus	clinicaltrials; conference_abstract_corpus; conference_crossref_search	False
candidate_queue.tsv	ADC_SUFFIX_05559b619db9	source	clinicaltrials; conference_abstract_corpus; europe_pmc	clinicaltrials; conference_abstract_corpus; conference_crossref_search; europe_pmc	False
candidate_queue.tsv	ADC_SUFFIX_06336b833f35	source	europe_pmc	conference_crossref_search; europe_pmc	False
candidate_queue.tsv	ADC_SUFFIX_0658d4488439	source	conference_abstract_corpus	conference_abstract_corpus; conference_crossref_search	False
candidate_queue.tsv	ADC_SUFFIX_1210e16af576	source	conference_abstract_corpus	conference_abstract_corpus; conference_crossref_search	False
candidate_queue.tsv	ADC_SUFFIX_1242de8a1dc7	source	clinicaltrials; conference_abstract_corpus	clinicaltrials; conference_abstract_corpus; conference_crossref_search	False
candidate_queue.tsv	ADC_SUFFIX_138f5f553fc4	source	clinicaltrials; conference_abstract_corpus; europe_pmc	clinicaltrials; conference_abstract_corpus; conference_crossref_search; europe_pmc	False
candidate_queue.tsv	ADC_SUFFIX_15cfcc7d1c77	source	conference_abstract_corpus; europe_pmc	conference_abstract_corpus; conference_crossref_search; europe_pmc	False
candidate_queue.tsv	ADC_SUFFIX_1a81094bebf4	source	clinicaltrials; conference_abstract_corpus	clinicaltrials; conference_abstract_corpus; conference_crossref_search	False
candidate_queue.tsv	ADC_SUFFIX_29ab8f6ef000	source	clinicaltrials; conference_abstract_corpus; europe_pmc; pubmed	clinicaltrials; conference_abstract_corpus; conference_crossref_search; europe_pmc; pubmed	False
candidate_queue.tsv	ADC_SUFFIX_2b8468f2a5c1	source	conference_abstract_corpus	conference_abstract_corpus; conference_crossref_search	False
candidate_queue.tsv	ADC_SUFFIX_2d27dc8a14d8	source	conference_abstract_corpus; europe_pmc; pubmed	conference_abstract_corpus; conference_crossref_search; europe_pmc; pubmed	False
candidate_queue.tsv	ADC_SUFFIX_2ffef0e59898	source	clinicaltrials	clinicaltrials; conference_crossref_search	False
candidate_queue.tsv	ADC_SUFFIX_34f2ed75b35c	source	conference_abstract_corpus	conference_abstract_corpus; conference_crossref_search	False
candidate_queue.tsv	ADC_SUFFIX_394eeb5b5453	source	europe_pmc	conference_crossref_search; europe_pmc	False
candidate_queue.tsv	ADC_SUFFIX_40d8ba5f6141	source	conference_abstract_corpus; europe_pmc	conference_abstract_corpus; conference_crossref_search; europe_pmc	False
candidate_queue.tsv	ADC_SUFFIX_49d8e820b15c	source	clinicaltrials; conference_abstract_corpus	clinicaltrials; conference_abstract_corpus; conference_crossref_search	False
candidate_queue.tsv	ADC_SUFFIX_4b3b81639a9b	source	clinicaltrials; conference_abstract_corpus; europe_pmc; pubmed	clinicaltrials; conference_abstract_corpus; conference_crossref_search; europe_pmc; pubmed	False
candidate_queue.tsv	ADC_SUFFIX_50454f24dcee	source	conference_abstract_corpus	conference_abstract_corpus; conference_crossref_search	False
candidate_queue.tsv	ADC_SUFFIX_5283b1ff9f1f	source	conference_abstract_corpus; europe_pmc	conference_abstract_corpus; conference_crossref_search; europe_pmc	False
candidate_queue.tsv	ADC_SUFFIX_597cfe5edd1a	source	clinicaltrials; conference_abstract_corpus	clinicaltrials; conference_abstract_corpus; conference_crossref_search	False
candidate_queue.tsv	ADC_SUFFIX_62841536a2c8	source	clinicaltrials; conference_abstract_corpus; europe_pmc	clinicaltrials; conference_abstract_corpus; conference_crossref_search; europe_pmc	False
candidate_queue.tsv	ADC_SUFFIX_6c1f969838cc	source	conference_abstract_corpus; europe_pmc	conference_abstract_corpus; conference_crossref_search; europe_pmc	False
candidate_queue.tsv	ADC_SUFFIX_6d4e47204bdd	source	conference_abstract_corpus; europe_pmc	conference_abstract_corpus; conference_crossref_search; europe_pmc	False
candidate_queue.tsv	ADC_SUFFIX_76452e9163ef	source	clinicaltrials; conference_abstract_corpus; europe_pmc	clinicaltrials; conference_abstract_corpus; conference_crossref_search; europe_pmc	False
candidate_queue.tsv	ADC_SUFFIX_85875a889934	source	conference_abstract_corpus	conference_abstract_corpus; conference_crossref_search	False
candidate_queue.tsv	ADC_SUFFIX_86b7fe77f616	source	conference_abstract_corpus; europe_pmc	conference_abstract_corpus; conference_crossref_search; europe_pmc	False
candidate_queue.tsv	ADC_SUFFIX_87508b667a7d	source	conference_abstract_corpus	conference_abstract_corpus; conference_crossref_search	False
candidate_queue.tsv	ADC_SUFFIX_8a7616020c3f	source	conference_abstract_corpus	conference_abstract_corpus; conference_crossref_search	False
candidate_queue.tsv	ADC_SUFFIX_8b87367a6f6d	source	europe_pmc	conference_crossref_search; europe_pmc	False
candidate_queue.tsv	ADC_SUFFIX_93de8abf551b	source	conference_abstract_corpus	conference_abstract_corpus; conference_crossref_search	False
candidate_queue.tsv	ADC_SUFFIX_965d2a5cdcd8	source	conference_abstract_corpus; europe_pmc; pubmed	conference_abstract_corpus; conference_crossref_search; europe_pmc; pubmed	False
candidate_queue.tsv	ADC_SUFFIX_9fec2f952fd5	source	europe_pmc	conference_crossref_search; europe_pmc	False
candidate_queue.tsv	ADC_SUFFIX_a34b5c20e7ed	source	clinicaltrials; conference_abstract_corpus; europe_pmc	clinicaltrials; conference_abstract_corpus; conference_crossref_search; europe_pmc	False
candidate_queue.tsv	ADC_SUFFIX_a581010d4c95	source	europe_pmc	conference_crossref_search; europe_pmc	False
candidate_queue.tsv	ADC_SUFFIX_a9d211dab8b2	source	clinicaltrials; conference_abstract_corpus; europe_pmc	clinicaltrials; conference_abstract_corpus; conference_crossref_search; europe_pmc	False
candidate_queue.tsv	ADC_SUFFIX_bc2f8289ba80	source	clinicaltrials; conference_abstract_corpus	clinicaltrials; conference_abstract_corpus; conference_crossref_search	False
candidate_queue.tsv	ADC_SUFFIX_c79b4af645f1	source	conference_abstract_corpus	conference_abstract_corpus; conference_crossref_search	False
candidate_queue.tsv	ADC_SUFFIX_c96d607d7f9f	source	clinicaltrials; conference_abstract_corpus	clinicaltrials; conference_abstract_corpus; conference_crossref_search	False
candidate_queue.tsv	ADC_SUFFIX_c9d307e32ffe	source	clinicaltrials; conference_abstract_corpus; europe_pmc	clinicaltrials; conference_abstract_corpus; conference_crossref_search; europe_pmc	False
candidate_queue.tsv	ADC_SUFFIX_cd62f9575d7d	source	conference_abstract_corpus; europe_pmc; pubmed	conference_abstract_corpus; conference_crossref_search; europe_pmc; pubmed	False
candidate_queue.tsv	ADC_SUFFIX_cea3e3b96906	source	conference_abstract_corpus	conference_abstract_corpus; conference_crossref_search	False
candidate_queue.tsv	ADC_SUFFIX_d406ff0b27e0	source	conference_abstract_corpus	conference_abstract_corpus; conference_crossref_search	False
candidate_queue.tsv	ADC_SUFFIX_e1a3cb555c56	source	clinicaltrials; conference_abstract_corpus; europe_pmc; pubmed	clinicaltrials; conference_abstract_corpus; conference_crossref_search; europe_pmc; pubmed	False
candidate_queue.tsv	ADC_SUFFIX_e94d4ba9d7a0	source	clinicaltrials; conference_abstract_corpus; europe_pmc	clinicaltrials; conference_abstract_corpus; conference_crossref_search; europe_pmc	False
candidate_queue.tsv	ADC_SUFFIX_ebd3aeec8690	source	clinicaltrials; conference_abstract_corpus	clinicaltrials; conference_abstract_corpus; conference_crossref_search	False
candidate_queue.tsv	ADC_SUFFIX_ed540fc5ca1c	source	clinicaltrials; conference_abstract_corpus	clinicaltrials; conference_abstract_corpus; conference_crossref_search	False
candidate_queue.tsv	ADC_SUFFIX_f87f611583c6	source	conference_abstract_corpus	conference_abstract_corpus; conference_crossref_search	False
candidate_queue.tsv	ADC_SUFFIX_fb1411f8d4c0	source	clinicaltrials; conference_abstract_corpus; europe_pmc; pubmed	clinicaltrials; conference_abstract_corpus; conference_crossref_search; europe_pmc; pubmed	False
