indication	n_adc_candidates
Breast Cancer	15
Ovarian Cancer	10
Bladder Cancer	9
Triple Negative Breast Cancer	9
Melanoma	8
Metastatic Breast Cancer ( HER2 Negative)	8
Carcinoma, Non-Small-Cell Lung	8
Endometrial Cancer	8
Metastatic Breast Cancer	8
Cervical Cancer	7
Advanced Solid Tumor	7
Breast Neoplasms	7
Colo-rectal Cancer	6
Lung Cancer (Non-Small Cell)	6
Lymphoma	6
Non-small Cell Lung Cancer	6
Pancreas Cancer, Duct Cell Adenocarcinoma	6
Prostate Cancer Castration-resistant Prostate Cancer	6
Upper Tract Urothelial Carcinoma	6
ctDNA	6
Advanced Breast Cancer	6
HER2-negative Breast Cancer	6
Metastatic Colorectal Cancer	6
Triple Negative Breast Neoplasms	6
Prostate Cancer	6
Diffuse Large B-Cell Lymphoma	5
Lymphoma, Large B-Cell, Diffuse	5
Advanced Malignant Solid Neoplasm	5
Early-stage Breast Cancer	5
Gastric Cancer	5
Gastroesophageal Junction Adenocarcinoma	5
HER2-positive Breast Cancer	5
HER2-positive Gastric Cancer	5
HER2-positive Metastatic Breast Cancer	5
Lung Cancer	5
Metastatic Malignant Solid Neoplasm	5
Neoplasm Metastasis	5
Non Small Cell Lung Cancer	5
Non-Small Cell Lung Cancer	5
Solid Tumor	5
Pancreatic Cancer	5
Small Cell Lung Cancer	5
Acute Myeloid Leukemia	4
CBFB-MYH11	4
Diffuse Large B-cell Lymphoma	4
Follicular Lymphoma	4
Gastric Carcinoma	4
Neoplasms	4
Non-Hodgkin Lymphoma	4
Refractory Non-Hodgkin Lymphoma	4
Solid Tumors	4
Anatomic Stage IV Breast Cancer AJCC v8	4
Breast Cancer Female	4
Breast Cancer Metastatic	4
Metastatic	4
Breast Tumors	4
Cancer	4
Colorectal Cancer	4
HER2 Gene Mutation	4
HER2 Positive Breast Neoplasms	4
Hormone Receptor Negative Tumor	4
Hormone Receptor Positive Tumor	4
Locally Advanced Breast Cancer	4
Metastatic Cancer	4
Metastatic Gastric Cancer	4
Ovarian Carcinoma	4
Recurrent Breast Carcinoma	4
Unresectable Gastric Carcinoma	4
Urinary Bladder Neoplasms	4
Urothelial Carcinoma	4
Gastric Adenocarcinoma	4
Squamous Cell Carcinoma of Head and Neck	4
Blast Phase Chronic Myelogenous Leukemia, BCR-ABL1 Positive	3
Chronic Lymphocytic Leukemia	3
Leukemia	3
Refractory Acute Myeloid Leukemia	3
Diffuse Large B Cell Lymphoma	3
Head and Neck Squamous Cell Carcinoma	3
Hodgkin Lymphoma	3
Lymphoma, B-Cell	3
Lymphoma, Non-Hodgkin	3
Marginal Zone Lymphoma	3
Post-transplant Lymphoproliferative Disorder	3
Recurrent Mantle Cell Lymphoma	3
Recurrent Small Lymphocytic Lymphoma	3
Refractory Hodgkin Lymphoma	3
Advanced Cancer	3
Anatomic Stage II Breast Cancer AJCC v8	3
Anatomic Stage IIA Breast Cancer AJCC v8	3
Anatomic Stage IIB Breast Cancer AJCC v8	3
Anatomic Stage III Breast Cancer AJCC v8	3
Anatomic Stage IIIA Breast Cancer AJCC v8	3
Brain Metastases	3
HER2-positive	3
Endometrial Carcinoma	3
Esophageal Adenocarcinoma	3
Esophageal Cancer	3
First-line Treatment	3
Gastrointestinal Cancer	3
HER2 Mutations Breast Neoplasms	3
HER2 Positive Breast Carcinoma	3
HER2+ Breast Cancer	3
HR Positive	3
Hematopoietic and Lymphoid Cell Neoplasm	3
Her 2 Positive Breast Cancer	3
Hormone Receptor Positive Breast Neoplasms	3
Invasive Breast Carcinoma	3
Metastatic HER2 Positive Gastroesophageal Junction Cancer	3
Metastatic Malignant Neoplasm in the Brain	3
Metastatic Solid Tumor	3
Multiple Myeloma	3
Prognostic Stage II Breast Cancer AJCC v8	3
Prognostic Stage IIA Breast Cancer AJCC v8	3
Prognostic Stage IIB Breast Cancer AJCC v8	3
Prognostic Stage IIIA Breast Cancer AJCC v8	3
Prognostic Stage IV Breast Cancer AJCC v8	3
Recurrent Multiple Myeloma	3
Recurrent Ovarian Carcinoma	3
Refractory Multiple Myeloma	3
Stage III Breast Cancer	3
Stage III Breast Cancer AJCC v7	3
Stage IIIA Breast Cancer	3
Stage IIIB Breast Cancer	3
Stage IIIC Breast Cancer	3
Stage IV Breast Cancer	3
High Grade B-Cell Lymphoma With MYC and BCL2 and/or BCL6 Rearrangements	3
Immunotherapy	3
Lymphoma, Follicular	3
Burkitt Lymphoma	3
Metastatic Castration-resistant Prostate Cancer	3
Muscle-Invasive Bladder Carcinoma	3
Muscle-invasive Bladder Cancer	3
NMIBC	3
Precision Therapy	3
Salivary Gland Carcinoma	3
Urothelial Cancer	3
Advanced Solid Tumors	3
Biliary Tract Cancer	3
Breast Cancer Stage IV	3
Drug-Related Side Effects and Adverse Reactions	3
Gastroesophageal Adenocarcinoma	3
Glioblastoma	3
HER-2 Protein Overexpression	3
HER2-low Breast Cancer	3
Metastatic Triple-Negative Breast Carcinoma	3
Pharmacogenetic Variant	3
Salivary Gland Cancer	3
Solid Tumor, Adult	3
Stomach Neoplasms	3
Thyroid Cancer	3
Wilms Tumor	3
Epithelial Ovarian Cancer	3
Esophageal Squamous Cell Carcinoma	3
Fallopian Tube Cancer	3
TNBC - Triple-Negative Breast Cancer	3
Triple-Negative Breast Carcinoma	3
Ovary Cancer	3
Ovarian Neoplasms	3
Acute Myelogenous Leukemia	2
RUNX1-RUNX1T1	2
Myelodysplastic Syndrome	2
Myelodysplastic Syndromes	2
Recurrent Acute Myeloid Leukemia	2
Safety	2
Acute Lymphoid Leukemia	2
Ann Arbor Stage III Hodgkin Lymphoma	2
Ann Arbor Stage IV Hodgkin Lymphoma	2
Cutaneous Melanoma	2
DLBCL	2
High Grade B Cell Lymphoma	2
Lymphoma, B-cell	2
Recurrent Adult Burkitt Lymphoma	2
Recurrent Follicular Lymphoma	2
Recurrent Grade 1 Follicular Lymphoma	2
Recurrent Grade 2 Follicular Lymphoma	2
Recurrent Hodgkin Lymphoma	2
Recurrent Marginal Zone Lymphoma	2
Recurrent Non-Hodgkin Lymphoma	2
Refractory Follicular Lymphoma	2
Relapse	2
Squamous Cell Carcinoma of the Head and Neck	2
Testicular Cancer	2
2L+ Cervical Cancer	2
Advanced Breast Carcinoma	2
Advanced Lymphoma	2
Advanced Ovarian Carcinoma	2
Advanced Pancreatic Carcinoma	2
Advanced Prostate Carcinoma	2
Advanced Sarcoma	2
Bladder Carcinoma	2
Bone Metastases	2
Breast Adenocarcinoma	2
Breast Cancer Early Stage Breast Cancer (Stage 1-3)	2
Breast Cancer Invasive	2
Breast Cancer, Metastatic	2
Breast Carcinoma	2
Breast Neoplasm	2
Cervical Carcinoma	2
Colon Carcinoma	2
Colorectal Carcinoma	2
ER-Negative Breast Cancer	2
Early Breast Cancer	2
Esophageal Carcinoma	2
Estrogen Receptor-positive Breast Cancer	2
Exocrine Pancreas Carcinoma	2
Gastroesophageal Junction Cancer	2
Glioma	2
HER2 Amplification	2
HER2 Mutant Non-small Cell Lung Cancer	2
HER2 Positive	2
HER2 Positive Breast Cancer	2
HER2-Negative Metastatic Breast Cancer	2
HER2-Positive Metastatic Breast Cancer	2
HER2-expressing Non-small Cell Lung Cancer	2
HER2-positive Colorectal Cancer	2
HER2-positive Early Breast Cancer	2
Head and Neck Carcinoma	2
Heart Failure	2
Human Epidermal Growth Factor 2 Positive Carcinoma of Breast	2
Kidney Carcinoma	2
Left Ventricular Function Systolic Dysfunction	2
Liver Carcinoma	2
Liver Metastases	2
Locally Advanced Solid Tumor	2
Locally Advanced or Early Breast Cancer	2
Lung Carcinoma	2
Lung Metastases	2
Malignant Uterine Corpus Neoplasm	2
Malignant Uterine Neoplasm	2
Metastatic Breast Carcinoma	2
Metastatic Gastric Adenocarcinoma	2
Metastatic HER2+ Advanced Breast Cancer	2
Metastatic HER2-Positive Breast Carcinoma	2
Metastatic HER2-positive Breast Cancer	2
Metastatic Pancreatic Adenocarcinoma	2
Metastatic Salivary Gland Carcinoma	2
Neoadjuvant Melanoma	2
Neoadjuvant Non-Small Cell Lung Cancer	2
Oligometastatic Breast Carcinoma	2
Other Cancer	2
PR-Negative Breast Cancer	2
Pancreas Cancer	2
Platinum-resistant Ovarian Cancer	2
Post Anti-PD-(L)1 Non-Small Cell Lung Cancer	2
Post Anti-PD-(L)1 Small Cell Lung Cancer	2
Post Anti-PD-1 Melanoma	2
Pregnancy	2
Prostate Carcinoma	2
Rectal Carcinoma	2
Recurrent Acute Lymphoblastic Leukemia	2
Recurrent Adult Soft Tissue Sarcoma	2
Recurrent Bladder Carcinoma	2
Recurrent Breast Cancer	2
Recurrent Cervical Carcinoma	2
Recurrent Chronic Myelogenous Leukemia, BCR-ABL1 Positive	2
Recurrent Colon Carcinoma	2
Recurrent Colorectal Carcinoma	2
Recurrent Esophageal Carcinoma	2
Recurrent Gastric Carcinoma	2
Recurrent Glioma	2
Recurrent Head and Neck Carcinoma	2
Recurrent Liver Carcinoma	2
Recurrent Lung Carcinoma	2
Recurrent Lymphoma	2
Recurrent Malignant Solid Neoplasm	2
Recurrent Malignant Uterine Corpus Neoplasm	2
Recurrent Melanoma	2
Recurrent Pancreatic Carcinoma	2
Recurrent Plasma Cell Myeloma	2
Recurrent Prostate Carcinoma	2
Recurrent Rectal Carcinoma	2
Recurrent Salivary Gland Carcinoma	2
Recurrent Skin Carcinoma	2
Recurrent Thyroid Gland Carcinoma	2
Refractory Acute Lymphoblastic Leukemia	2
Refractory Chronic Myelogenous Leukemia, BCR-ABL1 Positive	2
Refractory Lymphoma	2
Refractory Malignant Solid Neoplasm	2
Refractory Plasma Cell Myeloma	2
Refractory Small Lymphocytic Lymphoma	2
Second or Third Line (2L/3L) Cervical Cancer	2
Skin Carcinoma	2
Soft Tissue Metastases	2
Solid Cancer	2
Stage II Breast Cancer AJCC v6 and v7	2
Stage II Pancreatic Cancer AJCC v8	2
Stage IIA Breast Cancer AJCC v6 and v7	2
Stage IIB Breast Cancer AJCC v6 and v7	2
Stage III Major Salivary Gland Cancer AJCC v8	2
Stage III Ovarian Cancer AJCC v8	2
Stage III Pancreatic Cancer AJCC v8	2
Stage IIIA Breast Cancer AJCC v7	2
Stage IIIB Breast Cancer AJCC v7	2
Stage IIIC Breast Cancer AJCC v7	2
Stage IV Major Salivary Gland Cancer AJCC v8	2
Stage IV Ovarian Cancer AJCC v8	2
Stage IV Pancreatic Cancer AJCC v8	2
Third Line or Later (3L+) HER2+ Breast Cancer	2
Third-line or Later (3L+) Platinum-resistant Ovarian Cancer (PROC)	2
Thyroid Gland Carcinoma	2
Triple-Negative Breast Cancer (TNBC)	2
Tumors	2
Unresectable Breast Cancer	2
Unresectable Pancreatic Adenocarcinoma	2
Unresectable Salivary Gland Carcinoma	2
Acute Lymphoblastic Leukemia	2
B-Cell Lymphoma	2
B-cell Acute Lymphoblastic Leukemia	2
High Grade B-Cell Lymphoma, Not Otherwise Specified	2
B-Cell Non-Hodgkin Lymphoma	2
B-cell Lymphoma	2
Diffuse, Large B-Cell, Lymphoma	2
High Grade B-Cell Lymphoma With MYC and BCL2 or BCL6 Rearrangements	2
High Grade B-Cell Lymphoma With MYC, BCL2, and BCL6 Rearrangements	2
High-grade B-cell Lymphoma	2
Large B-cell Lymphoma	2
Lymphoma, Mantle-Cell	2
Mantle Cell Lymphoma	2
Recurrent B-Cell Non-Hodgkin Lymphoma	2
Recurrent Diffuse Large B-Cell Lymphoma	2
Refractory B-Cell Non-Hodgkin Lymphoma	2
Refractory Diffuse Large B-Cell Lymphoma	2
Refractory Mantle Cell Lymphoma	2
Relapsed B-Cell Non-Hodgkin Lymphoma	2
Relapsed Diffuse Large B-cell Lymphoma	2
Relapsed Non Hodgkin Lymphoma	2
Adenoid Cystic Carcinoma	2
Advanced Urothelial Carcinoma	2
Hepatocellular Carcinoma	2
High-risk Muscle Invasive Urothelial Carcinoma	2
Locally Advanced Urothelial Carcinoma	2
Metastatic Bladder Urothelial Carcinoma	2
Metastatic Urothelial Cancer	2
Metastatic Urothelial Carcinoma	2
Metastatic Urothelial Carcinoma of the Renal Pelvis and Ureter	2
Muscle Invasive Bladder Cancer	2
Muscle Invasive Bladder Urothelial Carcinoma	2
Non-muscle Invasive Bladder Cancer	2
Probiotics	2
Refractory Bladder Urothelial Carcinoma	2
Renal Medullary Carcinoma	2
Squamous Cell Carcinoma of the Bladder	2
Stage II Bladder Cancer AJCC v8	2
Stage IIIA Bladder Cancer AJCC v8	2
Stage IV Bladder Cancer AJCC v8	2
Unresectable Urothelial Carcinoma	2
Ureteral Neoplasms	2
Advanced Gastroesophageal Junction Adenocarcinoma	2
Advanced Solid Malignancies	2
Chemotherapy-induced Alopecia	2
ER Positive Breast Cancer	2
Esophagogastric Adenocarcinoma	2
Estrogen Receptor Positive Tumor	2
HER 2 Low-expressing Breast Cancer	2
HER2	2
HER2 + Breast Cancer	2
HER2 Low Breast Cancer	2
HER2 Low Breast Carcinoma	2
HER2 Mutation-Related Tumors	2
HER2-low or HER2-ultralow	2
HER2-positive Gastroesophageal Junction Adenocarcinoma	2
Head and Neck Cancer	2
Hormone Receptor Negative Breast Carcinoma	2
Hormone Receptor Positive	2
Hormone Receptor-positive Breast Cancer	2
Invasive Breast Cancer	2
Progesterone Receptor-positive Breast Cancer	2
Recurrent Glioblastoma	2
Recurrent Osteosarcoma	2
Renal Cell Carcinoma	2
Sarcoma	2
Stage IV Lung Cancer AJCC v8	2
Triple-Negative Breast Cancer	2
Unresectable Breast Carcinoma	2
Unresectable or Metastatic Breast Cancer	2
Bladder Urothelial Carcinoma	2
Fallopian Tube Cancers	2
Glioblastoma Multiforme	2
Mesothelioma	2
Muscle Invasive Bladder Carcinoma	2
Primary Peritoneal Cancer	2
Primary Peritoneal Carcinoma	2
Solid Malignancies	2
Colorectal Neoplasms	2
Peritoneal Cancer	2
Estrogen Receptor Negative	2
HER2/Neu Negative	2
Progesterone Receptor Negative	2
Advanced Gastroesophageal Adenocarcinoma	2
Antibody-drug Conjugates	2
Gastric Cancer/Gastroesophageal Junction Adenocarcinoma	2
Ovarian Cancer Recurrent	2
Rectal Cancer	2
Angiosarcoma	2
Triple Negative Breast Cancer (TNBC)	2
Malignant Neoplasm	2
Neuroblastoma	2
AML	1
AML, Childhood	1
Acute Myeloblastic Leukemia	1
Acute Myeloid Leukaemia	1
Acute Myeloid Leukemia Arising From Previous Myelodysplastic Syndrome	1
Acute Myeloid Leukemia Arising From Previous Myelodysplastic/Myeloproliferative Neoplasm	1
Acute Myeloid Leukemia Post Cytotoxic Therapy	1
Acute Myeloid Leukemia Recurrent	1
Acute Myeloid Leukemia With Inv(16)(p13.1q22)	1
Acute Myeloid Leukemia With t(16;16)(p13.1;q22)	1
Acute Myeloid Leukemia With t(8;21)	1
(q22	1
q22.1)	1
Acute Myeloid Leukemia, Adult	1
Acute Myeloid Leukemia, Myelodysplasia-Related	1
Acute Myeloid Leukemia, Relapsed, Adult	1
Acute Promyelocytic Leukemia	1
Acute Promyelocytic Leukemia With PML-RARA	1
Adult Acute Megakaryoblastic Leukemia	1
Adult Acute Megakaryoblastic Leukemia (M7)	1
Adult Acute Minimally Differentiated Myeloid Leukemia (M0)	1
Adult Acute Monoblastic Leukemia	1
Adult Acute Monoblastic Leukemia (M5a)	1
Adult Acute Monocytic Leukemia	1
Adult Acute Monocytic Leukemia (M5b)	1
Adult Acute Myeloblastic Leukemia With Maturation (M2)	1
Adult Acute Myeloblastic Leukemia Without Maturation (M1)	1
Adult Acute Myeloid Leukemia With 11q23 (MLL) Abnormalities	1
Adult Acute Myeloid Leukemia With Del(5q)	1
Adult Acute Myeloid Leukemia With Inv(16)(p13.1q22)	1
Adult Acute Myeloid Leukemia With Inv(16)(p13;q22)	1
Adult Acute Myeloid Leukemia With Maturation	1
Adult Acute Myeloid Leukemia With t(15;17)(q22;q12)	1
Adult Acute Myeloid Leukemia With t(16;16)(p13.1;q22)	1
Adult Acute Myeloid Leukemia With t(16;16)(p13;q22)	1
Adult Acute Myeloid Leukemia With t(8;21)(q22;q22)	1
Adult Acute Myeloid Leukemia With t(8;21)(q22;q22.1)	1
Adult Acute Myeloid Leukemia With t(9;11)(p21.3;q23.3)	1
MLLT3-KMT2A	1
Adult Acute Myeloid Leukemia Without Maturation	1
Adult Acute Myelomonocytic Leukemia	1
Adult Acute Myelomonocytic Leukemia (M4)	1
Adult Acute Promyelocytic Leukemia (M3)	1
Adult Erythroleukemia	1
Adult Erythroleukemia (M6a)	1
Adult Pure Erythroid Leukemia	1
Adult Pure Erythroid Leukemia (M6b)	1
Allogeneic Transplantation	1
Blasts 10 Percent or More of Bone Marrow Nucleated Cells	1
Childhood Acute Promyelocytic Leukemia (M3)	1
Chronic Myelomonocytic Leukemia	1
Core Binding Factor Acute Myeloid Leukemia	1
ECG	1
High Risk Myelodysplastic Syndrome	1
Infusions, Intravenous	1
Inv(16)	1
Juvenile Myelomonocytic Leukemia	1
Leukaemia (Acute Myeloid)	1
Leukemia, Myelocytic, Acute	1
Leukemia, Myeloid	1
Leukemia, Myeloid, Acute	1
Lymphoblastic Leukemia, Acute	1
Myelodysplastic Syndrome With Excess Blasts	1
Myeloid Sarcoma	1
Myeloproliferative Neoplasm	1
Novo Acute Myeloid Leukemia	1
Pharmacokinetics	1
Philadelphia Chromosome Positive	1
Recurrent Adult Acute Myeloid Leukemia	1
Recurrent Childhood Acute Myeloid Leukemia	1
Relapsed Adult AML	1
Relapsed/Refractory Acute Myeloid Leukemia (AML)	1
Secondary Acute Myeloid Leukemia	1
Untreated Adult Acute Myeloid Leukemia	1
de Novo Myelodysplastic Syndrome	1
t(16;16)	1
t(8;21)	1
AIDS-Related Hodgkin Lymphoma	1
ALK+ Anaplastic Large Cell Lymphoma	1
Adolescent	1
Adult Grade III Lymphomatoid Granulomatosis	1
Adult Lymphocyte Depletion Hodgkin Lymphoma	1
Adult Lymphocyte Predominant Hodgkin Lymphoma	1
Adult Mixed Cellularity Hodgkin Lymphoma	1
Adult Nasal Type Extranodal NK/T-cell Lymphoma	1
Adult Nodular Sclerosis Hodgkin Lymphoma	1
Adult T-Cell Leukemia/Lymphoma	1
Adult T-cell Leukemia/Lymphoma	1
Advanced Classical Hodgkin Lymphoma	1
Advanced Hodgkin Lymphoma	1
Aggressive Systemic Mastocytosis	1
Anaplastic Large Cell Lymphoma	1
Anaplastic Large Cell Lymphoma, ALK-Negative	1
Anaplastic Large Cell Lymphoma, ALK-Positive	1
Anaplastic Large-Cell Lymphoma	1
Anaplastic Large-cell Lymphoma	1
Anemia, Refractory, With Excess of Blasts	1
Angioimmunoblastic T-Cell Lymphoma	1
Angioimmunoblastic T-cell Lymphoma	1
Ann Arbor Stage I Hodgkin Lymphoma	1
Ann Arbor Stage I Lymphocyte-Depleted Classic HL	1
Ann Arbor Stage I Mixed Cellularity Classic Hodgkin Lymphoma	1
Ann Arbor Stage I Nodular Sclerosis Classic Hodgkin Lymphoma	1
Ann Arbor Stage I Primary Mediastinal (Thymic) Large B-Cell Lymphoma	1
Ann Arbor Stage IA Hodgkin Lymphoma	1
Ann Arbor Stage IB Hodgkin Lymphoma	1
Ann Arbor Stage II Hodgkin Lymphoma	1
Ann Arbor Stage II Lymphocyte-Depleted Classic HL	1
Ann Arbor Stage II Mixed Cellularity Classic HL	1
Ann Arbor Stage II Nodular Sclerosis Classic HL	1
Ann Arbor Stage II Noncutaneous Anaplastic Large Cell Lymphoma	1
Ann Arbor Stage II Noncutaneous Childhood Anaplastic Large Cell Lymphoma	1
Ann Arbor Stage II Primary Mediastinal (Thymic) Large B-Cell Lymphoma	1
Ann Arbor Stage IIA Hodgkin Lymphoma	1
Ann Arbor Stage IIB Hodgkin Lymphoma	1
Ann Arbor Stage III Lymphocyte-Depleted Classic Hodgkin Lymphoma	1
Ann Arbor Stage III Mixed Cellularity Classic Hodgkin Lymphoma	1
Ann Arbor Stage III Nodular Sclerosis Classic Hodgkin Lymphoma	1
Ann Arbor Stage III Noncutaneous Anaplastic Large Cell Lymphoma	1
Ann Arbor Stage III Noncutaneous Childhood Anaplastic Large Cell Lymphoma	1
Ann Arbor Stage III Primary Mediastinal (Thymic) Large B-Cell Lymphoma	1
Ann Arbor Stage IIIA Hodgkin Lymphoma	1
Ann Arbor Stage IIIB Hodgkin Lymphoma	1
Ann Arbor Stage IV Lymphocyte-Depleted Classic Hodgkin Lymphoma	1
Ann Arbor Stage IV Mixed Cellularity Classic Hodgkin Lymphoma	1
Ann Arbor Stage IV Nodular Sclerosis Classic Hodgkin Lymphoma	1
Ann Arbor Stage IV Noncutaneous Anaplastic Large Cell Lymphoma	1
Ann Arbor Stage IV Noncutaneous Childhood Anaplastic Large Cell Lymphoma	1
Ann Arbor Stage IV Primary Mediastinal (Thymic) Large B-Cell Lymphoma	1
Ann Arbor Stage IVA Hodgkin Lymphoma	1
Ann Arbor Stage IVB Hodgkin Lymphoma	1
Anti-CD30	1
Brentuximab	1
Brentuximab Vedotin	1
CD30 Positive Primary Mediastinal Large B-cell Lymphoma	1
CD30+ Peripheral T-cell Lymphoma	1
CD30-Positive Diffuse Large B-Cell Lymphoma	1
CD30-Positive Gray Zone Lymphoma	1
CD30-Positive Neoplastic Cells Present	1
CD30-Positive Peripheral T-Cell Lymphoma	1
CD30-positive Lymphoma	1
CD30-positive Solid Tumor	1
CLASSICAL HODGKIN LYMPHOMA	1
Carcinomas	1
Child	1
Childhood Hodgkin Lymphoma	1
Classic Hodgkin Lymphoma	1
Classical Hodgkin Lymphoma	1
Classical Hodgkin Lymphoma Type PTLD	1
Clinical Efficacy	1
Contiguous Stage II Adult Burkitt Lymphoma	1
Contiguous Stage II Adult Diffuse Large Cell Lymphoma	1
Contiguous Stage II Adult Diffuse Mixed Cell Lymphoma	1
Contiguous Stage II Adult Diffuse Small Cleaved Cell Lymphoma	1
Contiguous Stage II Adult Immunoblastic Large Cell Lymphoma	1
Contiguous Stage II Adult Lymphoblastic Lymphoma	1
Contiguous Stage II Grade 1 Follicular Lymphoma	1
Contiguous Stage II Grade 2 Follicular Lymphoma	1
Contiguous Stage II Grade 3 Follicular Lymphoma	1
Contiguous Stage II Mantle Cell Lymphoma	1
Contiguous Stage II Marginal Zone Lymphoma	1
Contiguous Stage II Small Lymphocytic Lymphoma	1
Cutaneous B-cell Non-Hodgkin Lymphoma	1
Cutaneous Lymphoma	1
Cutaneous T Cell Lymphoma	1
Cutaneous T Cell Lymphoma (CTCL)	1
Cutaneous T-Cell Lymphoma	1
Cutaneous T-Cell Lymphoma/Mycosis Fungoides	1
Cutaneous T-cell Lymphoma (CTCL)	1
Dacarbazine	1
Diffuse Cutaneous Systemic Sclerosis	1
Diffuse Large B-cell Lymphoma Refractory	1
Diffuse Large B-cell-lymphoma	1
Disease, Hodgkin	1
Doxorubicin	1
Embryonal Carcinoma	1
Enteropathy Associated T-cell Lymphoma	1
Enteropathy-Associated T-Cell Lymphoma	1
Epstein-Barr Virus Infection	1
Extranodal Marginal Zone B-cell Lymphoma of Mucosa-associated Lymphoid Tissue	1
Florid Follicular Hyperplasia PTLD	1
Follicular B-cell Non-Hodgkin's Lymphoma	1
Folliculotropic Mycosis Fungoides	1
Frontline	1
GVHD	1
Gastroesophageal Junction Carcinoma	1
Germ Cell Cancer	1
Germ Cell Tumor	1
Germ Cell Tumors	1
Graft Versus Host Disease	1
Graft vs. Host Disease	1
Graft-vs-Host Disease	1
Grey Zone Lymphoma	1
HIV Infection	1
Hematopoietic/Lymphoid Cancer	1
Hepato-splenic T-cell Lymphoma	1
Hepatosplenic T-Cell Lymphoma	1
Hepatosplenic T-cell Lymphoma	1
Hodgkin Disease	1
Hodgkin Lymphoma (Category)	1
Hodgkin Lymphoma, Adult	1
Hodgkin's Disease	1
Hodgkin's Lymphoma	1
Human Immunodeficiency Virus	1
Ineligible Or Refused Transplant Patients With Classical Hodgkin Lymphoma	1
Infectious Mononucleosis	1
Intraocular Lymphoma	1
Leukemia, Acute Myeloid	1
Leukemia, Lymphoblastic,Acute	1
Lugano Classification Limited Stage Hodgkin Lymphoma AJCC v8	1
Lymphatic Diseases	1
Lymphocyte-Rich Classic Hodgkin Lymphoma	1
Lymphoid Tumor	1
Lymphoma, Large B-cell, Diffuse	1
Lymphoma, Large-Cell, Anaplastic	1
Lymphoma, NK-cell	1
Lymphoma, T-Cell	1
Lymphoma, T-Cell, Cutaneous	1
Lymphoma, T-Cell, Peripheral	1
Lymphoma, T-cell	1
Lymphomatoid Papulosis	1
Malignant Mesothelioma	1
Malignant Neoplasms Stated as Primary Lymphoid Haematopoietic	1
Mast Cell Leukemia	1
Mature T-Cell and NK-Cell Non-Hodgkin Lymphoma	1
Mediastinal Large B-cell Lymphoma	1
Metabolic Response	1
Monomorphic PTLD	1
Mycosis Fungoides	1
NK T-cell Lymphoma	1
NK-Cell Leukemia	1
NK-Cell Lymphoma	1
NK/T Cell Lymphoma Nos	1
Nodal Marginal Zone B-cell Lymphoma	1
Non-Hodgkin Lymphoma (NHL)	1
Non-Hodgkin's Disease	1
Non-hodgkin's Lymphoma	1
Noncontiguous Stage II Adult Burkitt Lymphoma	1
Noncontiguous Stage II Adult Diffuse Large Cell Lymphoma	1
Noncontiguous Stage II Adult Diffuse Mixed Cell Lymphoma	1
Noncontiguous Stage II Adult Diffuse Small Cleaved Cell Lymphoma	1
Noncontiguous Stage II Adult Immunoblastic Large Cell Lymphoma	1
Noncontiguous Stage II Adult Lymphoblastic Lymphoma	1
Noncontiguous Stage II Grade 1 Follicular Lymphoma	1
Noncontiguous Stage II Grade 2 Follicular Lymphoma	1
Noncontiguous Stage II Grade 3 Follicular Lymphoma	1
Noncontiguous Stage II Mantle Cell Lymphoma	1
Noncontiguous Stage II Marginal Zone Lymphoma	1
Noncontiguous Stage II Small Lymphocytic Lymphoma	1
Noncutaneous Extranodal Lymphoma	1
Nonseminomatous Germ Cell Tumor	1
PET Scan	1
PTLD	1
Pediatric Hodgkin Lymphoma	1
Peripheral T Cell Lymphoma	1
Peripheral T-Cell Lymphoma	1
Peripheral T-Cell Lymphoma, Not Otherwise Specified	1
Peripheral T-cell Lymphoma	1
Plasmacytic Hyperplasia PTLD	1
Polymorphic PTLD	1
Primary Cutaneous Anaplastic Large Cell Lymphoma	1
Primary Mediastinal Large B Cell Lymphoma	1
Progressive Hairy Cell Leukemia, Initial Treatment	1
Recurrent Adult Diffuse Mixed Cell Lymphoma	1
Recurrent Adult Diffuse Small Cleaved Cell Lymphoma	1
Recurrent Adult Grade III Lymphomatoid Granulomatosis	1
Recurrent Adult Hodgkin Lymphoma	1
Recurrent Adult Immunoblastic Large Cell Lymphoma	1
Recurrent Adult Lymphoblastic Lymphoma	1
Recurrent Adult T-cell Leukemia/Lymphoma	1
Recurrent Angioimmunoblastic T-Cell Lymphoma	1
Recurrent Childhood Hodgkin Lymphoma	1
Recurrent Classic Hodgkin Lymphoma	1
Recurrent Cutaneous T-cell Non-Hodgkin Lymphoma	1
Recurrent Enteropathy-Associated T-Cell Lymphoma	1
Recurrent Follicular T-Cell Lymphoma	1
Recurrent Grade 3 Follicular Lymphoma	1
Recurrent Hepatosplenic T-Cell Lymphoma	1
Recurrent Mycosis Fungoides	1
Recurrent Mycosis Fungoides/Sezary Syndrome	1
Recurrent Nodal Peripheral T-Cell Lymphoma With TFH Phenotype	1
Recurrent Peripheral T-Cell Lymphoma, Not Otherwise Specified	1
Recurrent Primary Cutaneous T-Cell Non-Hodgkin Lymphoma	1
Recurrent Subcutaneous Panniculitis-Like T-Cell Lymphoma	1
Recurrent T-Cell Non-Hodgkin Lymphoma	1
Refractory	1
Refractory Angioimmunoblastic T-Cell Lymphoma	1
Refractory Childhood Hodgkin Lymphoma	1
Refractory Classic Hodgkin Lymphoma	1
Refractory Enteropathy-Associated T-Cell Lymphoma	1
Refractory Follicular T-Cell Lymphoma	1
Refractory Hairy Cell Leukemia	1
Refractory Hepatosplenic T-Cell Lymphoma	1
Refractory Mycosis Fungoides	1
Refractory Nodal Peripheral T-Cell Lymphoma With TFH Phenotype	1
Refractory Peripheral T-Cell Lymphoma	1
Refractory Peripheral T-Cell Lymphoma, Not Otherwise Specified	1
Refractory Primary Cutaneous T-Cell Non-Hodgkin Lymphoma	1
Refractory Subcutaneous Panniculitis-Like T-Cell Lymphoma	1
Relapsed Classic Hodgkin Lymphoma	1
Relapsed Hodgkin's Disease, Adult	1
Relapsed Peripheral T-Cell Lymphoma	1
Relapsed or Refractory Anaplastic Large-cell Lymphoma	1
Relapsed or Refractory CD30+ Hodgkin's Lymphoma or Anaplastic Large Cell Lymphoma	1
Relapsed or Refractory EBV-and CD30-positive Lymphomas	1
Relapsed or Refractory Hodgkin Lymphoma	1
Relapsed or Refractory Hodgkin's Lymphoma	1
Relapsed/Refractory Classical Hodgkin Lymphoma	1
Relapsed/Refractory Hodgkin's Lymphoma	1
Scleroderma	1
Sezary Syndrome	1
Small Intestine Lymphoma	1
Small Lymphocytic Lymphoma	1
Splenic Marginal Zone Lymphoma	1
Stage I Adult Burkitt Lymphoma	1
Stage I Adult Diffuse Large Cell Lymphoma	1
Stage I Adult Diffuse Mixed Cell Lymphoma	1
Stage I Adult Diffuse Small Cleaved Cell Lymphoma	1
Stage I Adult Hodgkin Lymphoma	1
Stage I Adult Immunoblastic Large Cell Lymphoma	1
Stage I Adult Lymphoblastic Lymphoma	1
Stage I Adult T-cell Leukemia/Lymphoma	1
Stage I Cutaneous T-Cell Non-Hodgkin Lymphoma	1
Stage I Cutaneous T-cell Non-Hodgkin Lymphoma	1
Stage I Grade 1 Follicular Lymphoma	1
Stage I Grade 2 Follicular Lymphoma	1
Stage I Grade 3 Follicular Lymphoma	1
Stage I Mantle Cell Lymphoma	1
Stage I Marginal Zone Lymphoma	1
Stage I Small Lymphocytic Lymphoma	1
Stage IA Mycosis Fungoides/Sezary Syndrome	1
Stage IB Mycosis Fungoides/Sezary Syndrome	1
Stage II Adult Hodgkin Lymphoma	1
Stage II Adult T-cell Leukemia/Lymphoma	1
Stage II Childhood Hodgkin Lymphoma	1
Stage II Cutaneous T-Cell Non-Hodgkin Lymphoma	1
Stage II Cutaneous T-cell Non-Hodgkin Lymphoma	1
Stage IIA Mycosis Fungoides/Sezary Syndrome	1
Stage IIB Mycosis Fungoides/Sezary Syndrome	1
Stage III Adult Burkitt Lymphoma	1
Stage III Adult Diffuse Large Cell Lymphoma	1
Stage III Adult Diffuse Mixed Cell Lymphoma	1
Stage III Adult Diffuse Small Cleaved Cell Lymphoma	1
Stage III Adult Hodgkin Lymphoma	1
Stage III Adult Immunoblastic Large Cell Lymphoma	1
Stage III Adult Lymphoblastic Lymphoma	1
Stage III Adult T-cell Leukemia/Lymphoma	1
Stage III Childhood Hodgkin Lymphoma	1
Stage III Cutaneous T-Cell Non-Hodgkin Lymphoma	1
Stage III Cutaneous T-cell Non-Hodgkin Lymphoma	1
Stage III Grade 1 Follicular Lymphoma	1
Stage III Grade 2 Follicular Lymphoma	1
Stage III Grade 3 Follicular Lymphoma	1
Stage III Mantle Cell Lymphoma	1
Stage III Marginal Zone Lymphoma	1
Stage III Small Lymphocytic Lymphoma	1
Stage IIIA Mycosis Fungoides/Sezary Syndrome	1
Stage IIIB Mycosis Fungoides/Sezary Syndrome	1
Stage IV Adult Burkitt Lymphoma	1
Stage IV Adult Diffuse Large Cell Lymphoma	1
Stage IV Adult Diffuse Mixed Cell Lymphoma	1
Stage IV Adult Diffuse Small Cleaved Cell Lymphoma	1
Stage IV Adult Hodgkin Lymphoma	1
Stage IV Adult Immunoblastic Large Cell Lymphoma	1
Stage IV Adult Lymphoblastic Lymphoma	1
Stage IV Adult T-cell Leukemia/Lymphoma	1
Stage IV Childhood Hodgkin Lymphoma	1
Stage IV Cutaneous T-Cell Non-Hodgkin Lymphoma	1
Stage IV Cutaneous T-cell Non-Hodgkin Lymphoma	1
Stage IV Grade 1 Follicular Lymphoma	1
Stage IV Grade 2 Follicular Lymphoma	1
Stage IV Grade 3 Follicular Lymphoma	1
Stage IV Mantle Cell Lymphoma	1
Stage IV Marginal Zone Lymphoma	1
Stage IV Small Lymphocytic Lymphoma	1
Stage IVA Mycosis Fungoides/Sezary Syndrome	1
Stage IVB Mycosis Fungoides/Sezary Syndrome	1
Survival	1
Systemic Anaplastic Large Cell Lymphoma	1
Systemic Lupus Erythematosus	1
Systemic Mastocytosis	1
Sézary Syndrome	1
T Cell Lymphoma	1
T-Cell Lymphoma	1
T-cell Large Granular Lymphocyte Leukemia	1
T-cell Lymphoma	1
Testicular Lymphoma	1
Testis Cancer	1
Treatment	1
Untreated CD30-Positive Hodgkin's Lymphoma	1
Untreated Hairy Cell Leukemia	1
Vinblastine	1
Waldenström Macroglobulinemia	1
Young Adult	1
dcSSc	1
Accelerated Phase Chronic Myelogenous Leukemia, BCR-ABL1 Positive	1
Advanced Unresectable or Metastatic Solid Malignancy	1
Anatomic Stage I Breast Cancer AJCC v8	1
Anemia	1
Ann Arbor Stage III Non-Hodgkin Lymphoma	1
Ann Arbor Stage IV Non-Hodgkin Lymphoma	1
Atypical Chronic Myeloid Leukemia, BCR-ABL1 Negative	1
Castration-Resistant Prostate Carcinoma	1
Cholangiocellular Carcinoma	1
Chronic Phase Chronic Myelogenous Leukemia, BCR-ABL1 Positive	1
Early-Stage Breast Carcinoma	1
HER-2 Positive Breast Cancer	1
HER2 Positive Breast Cancer, Metastatic Breast Cancer, Locally Advanced Breast Cancer	1
HER2+ Advanced Breast Cancer Patients Progressing on TKI Therapy	1
HER2-Positive Primary Breast Cancer Participants With Residual Invasive Disease Following Neoadjuvant Therapy	1
HER2-positive Advanced Breast Cancer	1
HER2/Neu Positive	1
Hematopoietic and Lymphoid System Neoplasm	1
Hormone Receptor Negative Breast Cancer	1
Human Epidermal Growth Factor 2 Negative Carcinoma of Breast	1
Inflammatory Breast Cancer	1
Locally Advanced Pancreatic Adenocarcinoma	1
Metastatic Breast Cancer, HER2 Negative Primary Tumor	1
Metastatic HER2-positive Breast Cancer With Brain Metastasis	1
Multifocal Breast Carcinoma	1
Myelodysplastic/Myeloproliferative Neoplasm With Ring Sideroblasts and Thrombocytosis	1
Myelodysplastic/Myeloproliferative Neoplasm, Unclassifiable	1
Neoplasia	1
Node-negative Breast Cancer	1
Objective Response Rate	1
Oligometastatic Disease	1
Primary Myelofibrosis	1
Recurrent Chronic Lymphocytic Leukemia	1
Recurrent Hematologic Malignancy	1
Recurrent Myelodysplastic Syndrome	1
Recurrent Myelodysplastic/Myeloproliferative Neoplasm	1
Recurrent Myeloproliferative Neoplasm	1
Refractory Chronic Lymphocytic Leukemia	1
Refractory Chronic Myelomonocytic Leukemia	1
Refractory Hematologic Malignancy	1
Refractory Myelodysplastic Syndrome	1
Refractory Myelodysplastic/Myeloproliferative Neoplasm	1
Refractory Primary Myelofibrosis	1
Second-line Treatment	1
Solid Tumor Cancers	1
Stage IV Prostate Cancer AJCC v8	1
Synchronous Bilateral Breast Carcinoma	1
Trastuzumab Emtansine	1
Unrespectable Locally Advanced and or Metastatic HER2 Positive Breast Cancer Participants	1
Urinary Tract Cancers	1
ACUTE LYMPHOBLASTIC LEUKEMIA	1
ALL	1
Acute Leukemias of Ambiguous Lineage	1
Acute Lymphoblastic Leukaemia	1
Acute Lymphoblastic Leukaemias (ALL)	1
Acute Lymphoblastic Leukemia (ALL) - Philadelphia Chromosome (Ph)-Negative CD22+ B-cell Precursor (BCP)	1
Acute Lymphoblastic Leukemia in Remission	1
Acute Lymphocytic Leukemia	1
Adult Relapsed/Refractory B Cell Acute Lymphoblastic Leukemia	1
Allogeneic Hematopoietic Stem Cell Transplantation Recipient	1
B Acute Lymphoblastic Leukemia	1
B Acute Lymphoblastic Leukemia With t(9;22)(q34.1;q11.2)	1
BCR-ABL1	1
B Acute Lymphoblastic Leukemia, Philadelphia Chromosome Negative	1
B Lymphoblastic Lymphoma	1
B-Cell Acute Lymphoblastic Leukaemia	1
B-cell Acute Lymphocytic Leukemia	1
B-cell Adult Acute Lymphoblastic Leukemia	1
B-cell Lymphoma Refractory	1
Blasts 5 Percent or More of Bone Marrow Nucleated Cells	1
Blasts 5 Percent or More of Peripheral Blood White Cells	1
Blasts More Than 5 Percent of Bone Marrow Nucleated Cells	1
Blinatumomab	1
Bone Marrow Transplant	1
Burkitt-Like Lymphoma With 11q Aberration	1
CD22 Positive	1
Central Nervous System Leukemia	1
Hematologic Malignancy	1
Hematopoietic Stem Cell Transplantation	1
Inotuzumab Ozogamicin	1
Leukemia, Acute Lymphoblastic	1
Leukemia, Lymphocytic, Acute	1
Lymphoblastic Leukemia	1
Lymphoblastic Lymphoma	1
Lymphoblasts 20 Percent or More of Bone Marrow Nucleated Cells	1
Lymphoblasts 20 Percent or More of Peripheral Blood White Cells	1
Lymphocytic Neoplasm	1
MRD-positive	1
Minimal Residual Disease	1
Mixed Phenotype Acute Leukemia	1
Pediatric ALL	1
Pediatric ALL, B Cell	1
Pediatric ALL, Relapsed	1
Pediatric AML	1
Pediatric Cancer	1
Ph+ ALL	1
Ph- Acute Lymphoblastic Leukemia (Ph-ALL)	1
Philadelphia Chromosome Positive Adult Precursor Acute Lymphoblastic Leukemia	1
Philadelphia Chromosome Positive, BCR-ABL1 Positive Chronic Myelogenous Leukemia	1
Precursor B-Cell Lymphoblastic Leukemia	1
Precursor Cell Lymphoblastic Leukemia	1
Precursor Cell Lymphoblastic Leukemia-Lymphoma	1
Precursor b-Cell Lymphoblastic Leukemia-Lymphoma	1
R/R AML	1
R/R B-cell ALL	1
Recurrent Adult Acute Lymphoblastic Leukemia	1
Recurrent B Acute Lymphoblastic Leukemia	1
Recurrent B Lymphoblastic Lymphoma	1
Recurrent Burkitt Lymphoma	1
Refractory B Acute Lymphoblastic Leukemia	1
Refractory B Lymphoblastic Lymphoma	1
Refractory Burkitt Lymphoma	1
Relapsed Acute Myeloid Leukemia	1
Relapsed/Refractory	1
Testicular Leukemia	1
Venetoclax	1
ph+ Acute Lymphoblastic Leukemia	1
ALK-Positive Large B-Cell Lymphoma	1
Aggressive B-Cell Lymphoma	1
Aggressive Non-Hodgkin Lymphoma	1
Ann Arbor Stage II Diffuse Large B-Cell Lymphoma	1
Ann Arbor Stage II Follicular Lymphoma	1
Ann Arbor Stage II Marginal Zone Lymphoma	1
Ann Arbor Stage III Diffuse Large B-Cell Lymphoma	1
Ann Arbor Stage III Follicular Lymphoma	1
Ann Arbor Stage III Marginal Zone Lymphoma	1
Ann Arbor Stage IV Diffuse Large B-Cell Lymphoma	1
Ann Arbor Stage IV Follicular Lymphoma	1
Ann Arbor Stage IV Marginal Zone Lymphoma	1
B-cell Non-Hodgkin Lymphoma	1
Bispecific Antibody	1
CNS Lymphoma	1
Cardiotoxicity	1
Chemo-free Therapy	1
DLBCL - Diffuse Large B Cell Lymphoma	1
Diffuse Large B Cell Lymphoma (DLBCL)	1
Diffuse Large B-Cell Lymphoma (DLBCL)	1
Diffuse Large B-Cell Lymphoma Unclassifiable	1
Diffuse Large B-Cell Lymphoma, Not Otherwise Specified	1
Diffuse Large B-cell Lymphoma (DLBCL)	1
Double Expressor DLBCL	1
Double Expressor Lymphoma	1
EBV-Positive Diffuse Large B-Cell Lymphoma, Not Otherwise Specified	1
Effects of Chemotherapy	1
Grade 1 Follicular Lymphoma	1
Grade 2 Follicular Lymphoma	1
Grade 3a Follicular Lymphoma	1
Grade 3b Follicular Lymphoma	1
Gray-Zone Lymphoma	1
High Grade B-Cell Lymphoma	1
High Grade B-Cell Lymphoma w/MYC & BCL2 or BCL6 Rearrangements	1
High Grade B-Cell Lymphoma w/MYC, BCL2 & BCL6 Rearrangements	1
Indolent B-Cell Non-Hodgkin Lymphoma	1
Indolent Non-Hodgkin Lymphoma	1
Large B-Cell Lymphoma	1
Large B-Cell Lymphoma (LBCL)	1
Lymphoma, Non Hodgkin	1
Non-Hodgkin's Lymphoma	1
Non-Hodgkins Lymphoma	1
Primary Mediastinal (Thymic) Large B-Cell Lymphoma	1
Primary Mediastinal Large B-Cell Lymphoma	1
Recurrent Extranodal Marginal Zone Lymphoma of Mucosa-Associated Lymphoid Tissue	1
Recurrent Grade 3a Follicular Lymphoma	1
Recurrent Nodal Marginal Zone Lymphoma	1
Recurrent Primary Mediastinal (Thymic) Large B-Cell Cell Lymphoma	1
Recurrent Splenic Marginal Zone Lymphoma	1
Recurrent Transformed B-Cell Non-Hodgkin Lymphoma	1
Refractory Extranodal Marginal Zone Lymphoma of Mucosa-Associated Lymphoid Tissue	1
Refractory Grade 1 Follicular Lymphoma	1
Refractory Grade 2 Follicular Lymphoma	1
Refractory Grade 3a Follicular Lymphoma	1
Refractory Marginal Zone Lymphoma	1
Refractory Nodal Marginal Zone Lymphoma	1
Refractory Primary Mediastinal (Thymic) Large B-Cell Cell Lymphoma	1
Refractory Splenic Marginal Zone Lymphoma	1
Refractory Transformed B-Cell Non-Hodgkin Lymphoma	1
Refractory or Relapsed Diffuse Large B Cell Lymphoma	1
Relapsed B-cell NHL	1
Relapsed and Refractory DLBCL	1
Relapsed or Refractory Diffuse Large B-Cell Lymphoma	1
Relapsed or Refractory Follicular Lymphoma, Relapsed or Refractory Diffuse Large B-Cell Lymphoma	1
Richter Syndrome	1
Richter's Transformation	1
Safety Issues	1
T-Cell/Histiocyte-Rich Large B-Cell Lymphoma	1
Transformed Follic Lymph to Diff Large B-Cell Lymphoma	1
Transformed Indolent B-Cell Non-Hodgkin Lymphoma to Diffuse Large B-Cell Lymphoma	1
Transformed Marg Zone Lymph to Diff Large B-Cell Lymphoma	1
Transformed Marginal Zone Lymphoma to Diffuse Large B-Cell Lymphoma	1
Transformed Non-Hodgkin Lymphoma	1
Adenocarcinoma of the Bladder	1
Advanced Bladder Cancer	1
Advanced Small Bowel Adenocarcinoma	1
Advanced Upper Tract Urothelial Carcinoma	1
Advanced Urothelial Cancer	1
Advanced or Metastatic Solid Malignancies	1
Advanced/Metastatic Urothelial Cancer	1
Androgen-Resistant Prostatic Neoplasms	1
Bellini Carcinoma	1
Bladder Adenocarcinoma	1
Bladder Squamous Cell Carcinoma	1
Carcinoma Transitional Cell	1
Carcinoma in Situ	1
Carcinoma, Transitional Cell	1
Castration Resistant Prostatic Neoplasms	1
Collecting Duct Carcinoma	1
Gene Abnormality	1
Gene Product Sequence Variation	1
Genitourinary Cancers	1
High Grade Urothelial Carcinoma	1
Infiltrating Bladder Urothelial Carcinoma With Squamous Differentiation	1
Locally Advanced Bladder Carcinoma	1
Locally Advanced Bladder Urothelial Carcinoma	1
Locally Advanced Renal Pelvis Urothelial Carcinoma	1
Locally Advanced Renal Pelvis and Ureter Urothelial Carcinoma	1
Locally Advanced Ureter Urothelial Carcinoma	1
Locally Advanced Urethral Urothelial Carcinoma	1
Locally Advanced or Metastatic Malignant Solid Tumors	1
Locally Advanced or Metastatic Urothelial Carcinoma (UC)	1
Malignant Renal Pelvis Neoplasm	1
Malignant Ureter Neoplasm	1
Malignant Urethral Neoplasm	1
Metastatic Bladder Carcinoma	1
Metastatic Bladder Giant Cell Urothelial Carcinoma	1
Metastatic Penile Squamous Cell Carcinoma	1
Metastatic Renal Pelvis Urothelial Carcinoma	1
Metastatic Renal Pelvis and Ureter Urothelial Carcinoma	1
Metastatic Ureter Urothelial Carcinoma	1
Metastatic Urethral Urothelial Carcinoma	1
Metastatic Urothelial Cancer and Other Malignant Solid Tumors	1
Muscle-Invasive Bladder Cancer (MIBC)	1
Pancreas Adenocarcinoma	1
Pancreatic Ductal Adenocarcinoma	1
Penile Squamous Cell Carcinoma (PSCC)	1
Peripheral Nerve Disease	1
Prostatic Cancer, Castration-Resistant	1
Prostatic Neoplasms, Castration-Resistant	1
Recurrent Bladder Urothelial Carcinoma	1
Recurrent Renal Pelvis Urothelial Carcinoma	1
Recurrent Ureter Urothelial Carcinoma	1
Recurrent Urethral Urothelial Carcinoma	1
Recurrent Urothelial Carcinoma	1
Refractory Renal Pelvis and Ureter Urothelial Carcinoma	1
Renal Pelvis Neoplasms	1
Renal Pelvis and Ureter Urothelial Carcinoma	1
Stage III Bladder Cancer AJCC v8	1
Stage III Penile Cancer AJCC v8	1
Stage IIIB Bladder Cancer AJCC v8	1
Stage IV Bladder Cancer AJCC v7	1
Stage IV Penile Cancer AJCC v8	1
Stage IV Renal Pelvis Cancer AJCC v8	1
Stage IV Renal Pelvis and Ureter Cancer AJCC v7	1
Stage IV Renal Pelvis and Ureter Cancer AJCC v8	1
Stage IV Ureter Cancer AJCC v8	1
Stage IV Urethral Cancer AJCC v8	1
Testicular Germ Cell Tumors	1
Unresectable Bladder Carcinoma	1
Unresectable Bladder Urothelial Carcinoma	1
Unresectable Penile Squamous Cell Carcinoma	1
Unresectable Renal Pelvis Urothelial Carcinoma	1
Unresectable Ureter Urothelial Carcinoma	1
Urachal Adenocarcinoma	1
Ureteral Cancer	1
Urethral Neoplasms	1
Urinary Bladder Cancer, Muscle-invasive	1
Urologic Neoplasms	1
Urothelial Bladder Cancer	1
Urothelial Carcinoma (UC)	1
Urothelial Carcinoma Bladder	1
Urothelial Carcinoma Ureter	1
Urothelial Carcinoma Urethra	1
Urothelial Carcinoma of the Renal Pelvis and Ureter	1
Urothelial Neoplasms	1
Adenocarcinoma (NOS)	1
Adenocarcinoma - GEJ	1
Adenocarcinoma Gastric Stage IV With Metastases	1
Adenocarcinoma of the Colon	1
Adenocarcinoma of the Rectum	1
Adenocarcinoma, Gastric	1
Advanced Colon Carcinoma	1
Advanced Colorectal Cancer	1
Advanced Colorectal Carcinoma	1
Advanced Endometrial Carcinoma	1
Advanced Gastric Carcinoma	1
Advanced Pancreatic Ductal Adenocarcinoma	1
Advanced Salivary Gland Carcinoma	1
Advanced Solid Tumors (Excluding Gastric Cancer and Breast Cancer)	1
Advanced Solid Tumors With HER2 Mutation,eg:Colorectal,Urothelial,Gastric, Hepatobiliary,Endometrial,Melanoma,Ovarian,Cervical,Salivary Gland,Pancreatic,Breast	1
Advanced Stage Breast Cancer	1
Advanced or Metastatic Breast Cancer	1
Advanced/Metastatic Breast Cancer	1
Anal Cancer	1
BREAST CANCER	1
Basal Like	1
Brain Cancer	1
Breast Advanced Malignancies	1
Breast Cancer With Bone Metastasis	1
Breast Cancer With Brain Metastasis	1
Breast Cancer With Metastatic Bone Disease	1
CRPC	1
Cancer Metastatic	1
Clinical Stage III Gastric Cancer AJCC v8	1
Clinical Stage III Gastroesophageal Junction Adenocarcinoma AJCC v8	1
Clinical Stage IV Gastric Cancer AJCC v8	1
Clinical Stage IV Gastroesophageal Junction Adenocarcinoma AJCC v8	1
Colon Cancer Adenocarcinoma	1
Colon Cancer Metastatic	1
Colorectal Adenocarcinoma	1
Colorectal Cancer (CRC)	1
Colorectal Neoplasm	1
Desmoplastic Small Round Cell Tumor	1
Dynamic Tumor Resistance	1
ER-positive Breast Cancer	1
Gall Bladder Cancer	1
Gastric Cancer, Adenocarcinoma	1
Gastric or Gastroesophageal Junction (GEJ) Adenocarcinoma	1
Gastroesophageal-junction Cancer	1
Gastrointestinal Stromal Tumour	1
Gastrooesophageal Cancer	1
HER2 Low Breast Adenocarcinoma	1
HER2 Negative Breast Cancer	1
HER2 Overexpression	1
HER2 Positive Newly Diagnosed Metastatic Esophageal, Gastric, GEJ Cancer Patients With an ECOG Performance Status of 2	1
HER2+, Low, or Ultralow Advanced/Metastatic Breast Cancer	1
HER2-(Ultra)Low Expressing Breast Cancer	1
HER2-Positive Breast Carcinoma	1
HER2-Positive Primary Breast Cancer	1
HER2-low Expressing Breast Cancer	1
HER2-low Hormone Receptor Positive Breast Cancer	1
HER2-mutant Non-Small Cell Lung Cancer	1
HER2-positive Advanced Gastric Cancer	1
HER2-positive Gastroesophageal Junction	1
HER2/Neu-positive Breast Cancer	1
HRR Deficiency	1
Hepatocellular Carcinoma (HCC)	1
Her2 Enriched	1
Her2/Neu Positive Advanced Solid Tumors	1
Homologous Recombination Deficiency	1
Hormone Receptor Positive Breast Carcinoma	1
Inflammatory Breast Cancer Stage III	1
Leptomeningeal Metastasis	1
Liver Cancer	1
Locally Advanced Breast Carcinoma	1
Locally Advanced Gastric Carcinoma	1
Locally Advanced Gastroesophageal Junction Adenocarcinoma	1
Locally Advanced Lung Non-Small Cell Carcinoma	1
Locally Advanced Malignant Solid Neoplasm	1
Locally Advanced or Metastatic Non-Small Cell Lung Cancer	1
Low Expression of HER2	1
Luminal B	1
Malignant Hepatobiliary Neoplasm	1
Malignant Neoplasm of Breast	1
Metastatic Colon Carcinoma	1
Metastatic Colorectal Carcinoma	1
Metastatic Endometrial Carcinoma	1
Metastatic Gastric Carcinoma	1
Metastatic Gastroesophageal Junction Adenocarcinoma	1
Metastatic HER2-Low Breast Carcinoma	1
Metastatic Hormone Receptor-Positive Breast Carcinoma	1
Metastatic Lung Non-Small Cell Carcinoma	1
Metastatic Pancreatic Ductal Adenocarcinoma	1
Mouth Cancer	1
Nasopharangeal Cancer	1
Neoplasm, Breast	1
Neoplasm, Gastrointestinal	1
Neuroendocrine, Gastrointestinal Cancer	1
Non-Small Cell Lung Cancer Stage IIIA	1
Non-Small Cell Lung Cancer Stage IIIB	1
Non-small Cell Lung Cancer Stage II	1
Non-small Cell Lung Carcinoma	1
Osteosarcoma	1
PR-positive Breast Cancer	1
Part 1: Bladder, Biliary Tract, Cervical, Endometrial, Ovarian, Pancreatic Cancer, Rare Tumors, Any Tumor Type Excluding Breast, Gastric, Colorectal Cancer	1
Part 2: HER2 Expressing/Amplified Solid Tumors Excluding Breast, Gastric, Colorectal Cancer	1
Platinum-Resistant Ovarian High Grade Serous Adenocarcinoma	1
Platinum-resistant Ovarian Cancer (PROC)	1
Prostate Cancer Metastatic	1
Radiomic	1
Radiomics	1
Rectal Adenocarcinoma	1
Rectal Cancer, Adenocarcinoma	1
Rectal Cancer, Metastatic	1
Recurrent Desmoplastic Small Round Cell Tumor	1
Recurrent Kidney Wilms Tumor	1
Recurrent or Metastatic Solid Tumors	1
Refractory Desmoplastic Small Round Cell Tumor	1
Refractory Wilms Tumor	1
Renal Cell Carcinoma (RCC)	1
Resectable Colorectal Carcinoma	1
Residual Invasive Breast Cancer	1
Soft Tissue Sarcoma (STS)	1
Solid Carcinoma	1
Stage II Breast Cancer	1
Stage IIA Breast Cancer	1
Stage IIB Breast Cancer	1
Stage III Colon Cancer AJCC v8	1
Stage III Colorectal Cancer AJCC v8	1
Stage III Lung Cancer AJCC v8	1
Stage III Uterine Corpus Carcinoma or Carcinosarcoma AJCC v8	1
Stage IV Colon Cancer AJCC v8	1
Stage IV Colorectal Cancer AJCC v8	1
Stage IV Uterine Corpus Carcinoma or Carcinosarcoma AJCC v8	1
Stomach Neoplasm	1
Throat Cancer	1
Trastuzumab	1
Unresectable Colon Carcinoma	1
Unresectable Colorectal Carcinoma	1
Unresectable Endometrial Carcinoma	1
Unresectable Gastroesophageal Junction Adenocarcinoma	1
Unresectable HER2-Low Breast Carcinoma	1
Unresectable HER2-Positive Breast Carcinoma	1
Unresectable Hormone Receptor-Positive Breast Carcinoma	1
Unresectable Locally Metastatic Breast Cancer	1
Unresectable Locally Recurrent Breast Cancer	1
Unresectable Malignant Solid Neoplasm	1
Unresectable Pancreatic Ductal Adenocarcinoma	1
Unresectable Triple-Negative Breast Carcinoma	1
Urethral Cancer	1
Vaginal Cancer	1
Vulvar Cancer	1
Advanced HR+/HER2- Breast Cancer	1
Advanced Triple Negative Breast Cancer	1
Advanced Triple-Negative Breast Cancer	1
Advanced or Metastatic Non-Small-Cell Lung Cancer	1
Advanced or Metastatic Solid Tumor	1
Anaplastic Thyroid Cancer	1
Bladder Neoplasm	1
Brain Metastases From Breast Cancer	1
Brain Metastases, Adult	1
Brain Metastasis	1
CCNE1 Amplification	1
Carcinoma Breast Stage IV	1
Circulating Tumor DNA	1
Differentiated Thyroid Cancer	1
Evaluating the Efficacy of Trop-2 ADC Combination Therapy in Advanced Triple-Negative Breast Cancer	1
Extensive Stage Small Cell Lung Cancer (ES-SCLC)	1
Extensive-Stage Small Cell Lung Cancer	1
Extrapulmonary Neuroendocrine Carcinoma	1
Gland	1
HPV Positive Oropharyngeal Squamous Cell Carcinoma	1
HR+, HER2-, Advanced Breast Cancer	1
HR+/HER2- Breast Cancer	1
HR+/HER2- Metastatic Breast Cancer	1
HR-Positive Breast Cancer	1
HRD Cancer	1
Head and Neck Cancers- Squamous Cell	1
Hormone-receptor-positive Breast Cancer	1
Hormone-refractory Prostate Cancer	1
Human Epidermal Growth Factor 2 Low Breast Cancer	1
Hypopharynx Cancer	1
Hypopharynx Squamous Cell Carcinoma	1
Larynx Cancer	1
Larynx Squamous Cell Carcinoma	1
Leptomeningeal Metastases	1
Liver Failure	1
Localized Muscle Invasive Bladder Urothelial Carcinoma	1
Locally Advanced Cholangiocarcinoma	1
Locally Advanced or Metastatic Breast Cancer	1
Locally Advanced or Metastatic Unresectable Urothelial Cancer	1
Locally Advanced or Metastatic Urothelial Carcinoma	1
Locally Advanced or Unresectable Metastatic Breast Cancer	1
Lung Diseases	1
Malignant Neoplasm of Uterus	1
Pleura	1
Mesotheliomas Pleural	1
Metastatic Cholangiocarcinoma	1
Metastatic HER2 Negative Breast Carcinoma	1
Metastatic HER2-Negative Breast Carcinoma	1
Metastatic Solid Tumors	1
Metastatic Triple Negative Breast Cancer	1
Metastatic Triple-Negative Breast Cancer	1
Metastatic Triple-negative Breast Cancer	1
Muscle-invasive Urothelial Carcinoma of the Bladder	1
NSCLC (Non-small Cell Lung Cancer)	1
NSCLC Stage IV	1
Nasal Cavity Cancer	1
Oral Cavity Cancer	1
Oral Squamous Cell Carcinoma	1
Oral Squamous Cell Carcinoma (OSCC)	1
Oropharynx Cancer	1
Oropharynx Squamous Cell Carcinoma	1
Ovarian Epithelial Cancer	1
PD-L1 Negative	1
PD-L1 Positive	1
PDL-1 Positive	1
Precision Medicine	1
Primary	1
Primary Adenocarcinoma of the Bladder	1
Primary Adenocarcinoma of the Urinary Tract	1
Recurrent Cholangiocarcinoma	1
Recurrent Epithelial Cervical Carcinoma	1
Recurrent Epithelial Endometrial Carcinoma	1
Recurrent Lung Non-Small Cell Carcinoma	1
Recurrent Platinum Resistant Epithelial Ovarian Carcinoma	1
Recurrent Platinum-Sensitive Fallopian Tube Endometrioid Adenocarcinoma	1
Recurrent Platinum-Sensitive Fallopian Tube High Grade Serous Adenocarcinoma	1
Recurrent Platinum-Sensitive Ovarian High Grade Endometrioid Adenocarcinoma	1
Recurrent Platinum-Sensitive Ovarian High Grade Serous Adenocarcinoma	1
Recurrent Platinum-Sensitive Primary Peritoneal Endometrioid Adenocarcinoma	1
Recurrent Platinum-Sensitive Primary Peritoneal High Grade Serous Adenocarcinoma	1
Refractory Urothelial Carcinoma	1
Renal Cell Cancer	1
Resectable Head and Neck Squamous Cell Carcinoma	1
Resectable Lung Non-Small Cell Carcinoma	1
Resectable Non-Small-Cell Lung Cancer	1
Residual Cancer	1
SCLC	1
Salivary Gland Cancers	1
Sinus Cancer	1
Small Cell Carcinoma	1
Small Cell Carcinoma of the Bladder	1
Small Cell Carcinoma of the Urinary Tract	1
Small Cell Lung Cancer ( SCLC )	1
Squamous Cell Carcinoma of the Penis	1
Squamous Cell Carcinoma of the Urinary Tract	1
Stage III Hilar Cholangiocarcinoma AJCC v8	1
Stage III Intrahepatic Cholangiocarcinoma AJCC v8	1
Stage IV (Metastatic) Breast Cancer	1
Stage IV Hilar Cholangiocarcinoma AJCC v8	1
Stage IV Intrahepatic Cholangiocarcinoma AJCC v8	1
TNBC	1
Thymic Carcinoma	1
Thymoma	1
Triple Negative Locally Advanced Non-resectable Breast Cancer	1
Triple-negative Breast Cancer	1
Trop2	1
Urothelial Bladder Carcinoma	1
AL Amyloidosis	1
Amyloidosis	1
Anaplastic Lymphoma Kinase Positive Large B-Cell Lymphoma	1
Autoimmune Diseases	1
Blood Protein Disorders	1
Corneal Cyst	1
Corneal Disease	1
Corneal Diseases	1
Gammopathy, Monoclonal	1
Haematologic Disease	1
Multiple Myeloma in Relapse	1
Multiple Myeloma, Refractory	1
Myeloma	1
Myeloma Multiple	1
Neoplasm, Plasma Cell	1
Neoplasms, Plasma Cell	1
Newly Diagnosed Multiple Myeloma	1
Paraproteinemias	1
Plasma Cell Myeloma	1
Plasma Cell Myeloma Refractory	1
Primary Immune Thrombocytopenia (ITP)	1
RELAPSED AND/OR REFRACTORY MULTIPLE MYELOMA	1
Refractory Plasmablastic Lymphoma	1
Relapse Multiple Myeloma	1
Relapsed / Refractory Multiple Myeloma	1
Relapsed Cancer	1
Relapsed Multiple Myeloma	1
Relapsed Plasmablastic Lymphoma	1
Relapsed Refractory Multiple Myeloma	1
Relapsed and/or Refractory Multiple Myeloma	1
Relapsed/ Refractory Multiple Myeloma	1
Relapsed/Refractory Multiple Myeloma	1
Aggressive Diffuse Large B-cell Lymphoma	1
B-Cell Lymphoma Treatment	1
B-cell Non Hodgkin Lymphoma	1
Burkitt's Lymphoma	1
Central Nervous System Lymphoma	1
Diffuse Large B-Cell Lymphoma Refractory	1
Diffuse Large B-cell Lymphoma Recurrent	1
Double-Expressor Lymphoma	1
Follicular Lymphoma (FL) Grade 3B	1
High-grade B-cell Lymphoma (HGBCL)	1
High-grade B-cell Lymphoma (HGBL)	1
Lymphoma, Marginal Zone	1
Primary Mediastinal B-cell Lymphoma	1
Recurrent Diffuse Large B-Cell Lymphoma, Not Otherwise Specified	1
Recurrent Grade 3b Follicular Lymphoma	1
Recurrent High Grade B-Cell Lymphoma	1
Recurrent High Grade B-Cell Lymphoma With MYC and BCL2 or BCL6 Rearrangements	1
Recurrent Primary Mediastinal (Thymic) Large B-Cell Lymphoma	1
Recurrent Transformed Chronic Lymphocytic Leukemia	1
Recurrent Transformed Follicular Lymphoma to Diffuse Large B-Cell Lymphoma	1
Recurrent Transformed Indolent B-Cell Non-Hodgkin Lymphoma to Diffuse Large B-Cell Lymphoma	1
Refractory Diffuse Large B-Cell Lymphoma, Not Otherwise Specified	1
Refractory Grade 3b Follicular Lymphoma	1
Refractory High Grade B-Cell Lymphoma	1
Refractory High Grade B-Cell Lymphoma With MYC and BCL2 or BCL6 Rearrangements	1
Refractory Primary Mediastinal (Thymic) Large B-Cell Lymphoma	1
Refractory Transformed Chronic Lymphocytic Leukemia	1
Refractory Transformed Follicular Lymphoma to Diffuse Large B-Cell Lymphoma	1
Refractory Transformed Indolent B-Cell Non-Hodgkin Lymphoma to Diffuse Large B-Cell Lymphoma	1
Relapsed Diffuse Large B-Cell Lymphoma	1
Relapsed Follicular Lymphoma	1
Relapsed Mantle Cell Lymphoma	1
Relapsed or Refractory Diffuse Large B-Cell Lymphoma (R/R DLBCL)	1
Relapsed or Refractory Large B-cell Lymphoma	1
Relapsed or Refractory Lymphoma	1
Waldenstrom Macroglobulinemia	1
Carcinoma, Squamous Cell of Head and Neck	1
Cervix Cancer	1
Endometrium Cancer	1
Esophagus Cancer	1
Exocrine Pancreatic Cancer	1
Lung Cancer (NSCLC)	1
Lung Cancer(NSCLC)	1
Lung Cancer, Nonsmall Cell	1
Prostate Cancer (CRPC)	1
Recurrent or Metastatic Vulvar Cancer	1
Squamous Cell Carcinoma Vulva	1
Squamous Cell Carcinoma of the Head and Neck (SCCHN)	1
Vulvar Carcinoma	1
Advanced High-Grade Epithelial Ovarian Cancer	1
Anatomic Stage IIIB Breast Cancer AJCC v8	1
Anatomic Stage IIIC Breast Cancer AJCC v8	1
BRCA1 Gene Mutation	1
BRCA2 Gene Mutation	1
Breast Cancer Triple Negative	1
Endometrial Adenocarcinoma	1
Endometrial Clear Cell Adenocarcinoma	1
Endometrial Serous Adenocarcinoma	1
Fallopian Tube	1
Fallopian Tube Neoplasms	1
Folate Receptor Alpha Positive	1
Folate Receptor-Alpha Positive	1
High Grade Ovarian Cancer	1
Neoadjuvant	1
PROC	1
Peritoneal Neoplasms	1
Platinum Resistant Ovarian Cancer	1
Prognostic Stage III Breast Cancer AJCC v8	1
Prognostic Stage IIIB Breast Cancer AJCC v8	1
Prognostic Stage IIIC Breast Cancer AJCC v8	1
Recurrent Epithelial Ovarian, Fallopian or Peritoneal Carcinoma	1
Recurrent Fallopian Tube Carcinoma	1
Recurrent Ovarian Cancer	1
Recurrent Primary Peritoneal Carcinoma	1
Recurrent Uterine Carcinosarcoma	1
Recurrent Uterine Corpus Carcinoma	1
Recurrent Uterine Serous Carcinoma	1
Advanced Gastric Cancer	1
Advanced Melanoma	1
Bile Duct Adenocarcinoma Non-Resectable	1
Biliary Carcinoma	1
Bladder (Urothelial, Transitional Cell) Cancer	1
Breast Diseases	1
CDK12 Gene Mutation	1
Capecitabine	1
Carcinoma	1
Castration-resistant Prostate Cancer	1
Disitamab Vedotin	1
ERBB2 Gene Duplication	1
ERBB2 Mutation-Related Tumors	1
Endometrial Neoplasms	1
Extramammary Paget Disease	1
GC/GEJC	1
Gynecological Malignancy	1
HER2 Expression	1
HER2 Low Breast Neoplasms	1
HER2 Overexpressing Gastric Carcinoma	1
HER2-Positive Solid Tumors	1
HER2-expressing	1
HER2-expressing High-risk or Very High-risk NMIBC Without Visible Foci of Disease After TURBT	1
HER2-low-expressing Gastric Cancer	1
HER2-positive Advanced Breast With Liver Metastases	1
HER2-positive Advanced Gastric Cancer or Gastroesophageal Junction Adenocarcinoma	1
HR Positive/HER2 Low Expression Metastatic Breast Cancer	1
Head and Neck Neoplasms	1
Her2 Overexpressing High-Risk Non-Muscle Invasive Bladder Urothelial Carcinoma	1
High-risk Non-muscle Invasive Bladder Cancer	1
Immune Checkpoint Inhibitors	1
Lenvatinib	1
MIBC	1
Mammary or Extramammary Paget's Disease	1
Melanoma, Stage II	1
Muscle Invasive Bladder Cancer (MIBC)	1
Muscle-invasive Bladder Urothelial Carcinoma	1
Neoadjuvant Immunotherapy	1
Neoadjuvant Therapy	1
Neoadjuvant Treatment of Her2-positive Muscle-invasive Bladder Cance	1
Non-Muscle Invasive Bladder Cancer	1
Non-Muscle-Invasive Bladder Cancer (NMIBC)	1
PD-1	1
Paget Disease, Extramammary	1
Radical Cystectomy	1
Radiotherapy	1
Recurrent Cervical Cancer	1
Salivary Gland Tumors	1
Scrotum Disease	1
Sebaceous Gland Carcinoma	1
UTUC	1
Upper Urinary Tract Urothelial Carcinoma	1
Uterine Cervical Neoplasms	1
mCRPC	1
Additional Indications Below for Module 4 and 5	1
Advanced Non Small Cell Lung Cancer	1
Advanced Solid Tumors That Are MTAP Deficient	1
Advanced or Metastatic NSCLC	1
Biliary Cancer	1
Breast Cancer (Locally Advanced or Metastatic)	1
EGFRm Advanced Non-Small Cell Lung Cancer	1
EGFRm Metastatic Non-Small Cell Lung Cancer	1
ER-negative Breast Cancer	1
HER2 Negative Breast Carcinoma	1
Hormone Receptor Positive Breast Cancer	1
Metastatic Lung Cancer	1
Metastatic Non Small Cell Lung Cancer	1
Metastatic Non-small Cell Lung Cancer	1
NSCLC	1
Non-small Cell Lung Cancer (NSCLC)	1
Residual Disease	1
Small Cell Lung Cancer Only in Module 5	1
Stage II/III	1
Stomatitis	1
Unresectable Non-small Lung Cancer	1
Endometrium Tumor	1
GastroEsophageal Cancer	1
HER2 Low	1
HER2 Low HR Positive	1
Metastatic Gastrointestinal Carcinoid Tumor	1
SYD-985	1
SYD985	1
Vic-trastuzumab Duocarmazine	1
Colon Cancer	1
Recurrent Small Cell Lung Cancer	1
Small Cell Lung Carcinoma	1
Non-small Cell Lung Cancer, Non-squamous	1
Non-small Cell Lung Cancer, Squamous	1
Advanced Solid Tumors Cancer	1
GPNMB Positive	1
Metastatic Melanoma	1
Recurrent Uveal Melanoma	1
Stage III Cutaneous Melanoma AJCC v7	1
Stage III Uveal Melanoma AJCC v7	1
Stage IIIA Cutaneous Melanoma AJCC v7	1
Stage IIIB Cutaneous Melanoma AJCC v7	1
Stage IIIC Cutaneous Melanoma AJCC v7	1
Stage IV Breast Cancer AJCC v6 and v7	1
Stage IV Cutaneous Melanoma AJCC v6 and v7	1
Stage IV Uveal Melanoma AJCC v7	1
Unresectable Solid Neoplasm	1
Gliosarcoma	1
Relapsed Hodgkin Lymphoma	1
Pleuropulmonary Blastoma	1
Recurrent Malignant Peripheral Nerve Sheath Tumor	1
Recurrent Neuroblastoma	1
Recurrent Rhabdomyosarcoma	1
Recurrent Synovial Sarcoma	1
Follicular Lymphoma, Grade 3b	1
Lymphoma, Follicular, Grade 3b	1
Transformed Lymphoma / DLBCL	1
Lung Neoplasms	1
Mesothelin Positive	1
Stage III Non-Small Cell Lung Cancer AJCC v7	1
Stage IIIA Non-Small Cell Lung Cancer AJCC v7	1
Stage IIIB Non-Small Cell Lung Cancer AJCC v7	1
Stage IV Non-Small Cell Lung Cancer AJCC v7	1
Advanced Non-Small Cell Squamous Lung Cancer	1
EGFR Gene Mutation	1
Non-Small Cell Lung Carcinoma	1
Non Small Cell Lung Cancer (NSCLC)	1
Advanced Solid Tumor, Adult	1
Castration-Resistant Prostatic Cancer	1
Hepatocellular Cancer	1
Malignant Melanoma	1
Metastatic Castrate Resistant Prostate Cancer	1
Pancreatic Ductal Carcinoma	1
Extensive Stage-small Cell Lung Cancer	1
Extensive-stage Small-cell Lung Cancer	1
Neuroendocrine Carcinoma	1
Small-Cell Lung Cancer	1
Metastatic Squamous Cell Carcinoma of the Head and Neck	1
Recurrent Squamous Cell Carcinoma of the Head and Neck	1
Gastroesophageal Junction (GEJ) Cancer	1
Carcinoma, Non-Small Cell Lung	1
Carcinoma, Non-Small-Cell Lung (NSCLC)	1
Ewing Sarcoma	1
Locally Advanced or Metastatic Triple-negative Breast Cancer	1
Ovarian Cancer (OvCa)	1
Ovarian Cancer Metastatic Recurrent	1
Ovarian Carcinoma, Recurrent	1
Adenoid Cystic Carcinoma of the Head and Neck	1
Atypical Teratoid/Rhabdoid Tumors	1
Becotatug Vedotin	1
Chemotherapy	1
Diffuse Intrinsic Pontine Gliomas	1
EGFR ADC	1
ESCC	1
Head and Neck Squamous Cell Carcinoma (HNSCC) - Recurrent/Metastatic (R/M)	1
Lymphoepithelial Carcinoma	1
Medulloblastoma	1
Nasopharyngeal Cancer	1
Nasopharyngeal Cancinoma (NPC)	1
Nasopharyngeal Carcinoma	1
Oligo-metastatic Cancer	1
Other EGFR-positive Pediatric Solid Tumors Deemed Eligible by the Investigator	1
PD-1 Inhibitor	1
Penile Cancer	1
Rhabdomyosarcoma	1
SBRT	1
Sinonasal Carcinoma	1
Tislelizumab	1
