entity_id	entity_type	canonical_label	aliases	first_seen	last_seen	evidence_count	evidence_sources	confidence	status	asset_name	development_codes	target	company	stage	indications	payload_if_known	payload_evidence_type	linker_if_known	linker_evidence_type	modality_classification
ADC_CANDIDATE_GEMTUZUMAB_OZOGAMICIN	ADC_CANDIDATE	Gemtuzumab ozogamicin	Mylotarg			28	configs/known_adc_assets.yaml; clinicaltrials	high	VALIDATED	Gemtuzumab ozogamicin	CMA-676; WAY-CMA-676	CD33	Pfizer	Approved	Acute Myelogenous Leukemia; Acute Myeloid Leukemia; Chronic Lymphocytic Leukemia; Leukemia; Leukemia, Myeloid; Leukemia, Myeloid, Acute; Myelodysplastic Syndrome; Myelodysplastic Syndromes; Novo Acute Myeloid Leukemia	calicheamicin	VALIDATED_KNOWN_ASSET	acid-cleavable AcBut linker (typical)	VALIDATED_KNOWN_ASSET	STRICT_ADC
ADC_CANDIDATE_BRENTUXIMAB_VEDOTIN	ADC_CANDIDATE	Brentuximab vedotin	Adcetris			71	configs/known_adc_assets.yaml; clinicaltrials	high	VALIDATED	Brentuximab vedotin	SGN-35; SGN-30; cAC10-vcMMAE	CD30	Seagen	Approved	AIDS-Related Hodgkin Lymphoma; Acute Lymphoid Leukemia; Acute Myelogenous Leukemia; Acute Myeloid Leukemia; Adult Lymphocyte Depletion Hodgkin Lymphoma; Adult Lymphocyte Predominant Hodgkin Lymphoma; Adult Mixed Cellularity Hodgkin Lymphoma; Adult Nodular Sclerosis Hodgkin Lymphoma; Adult T-Cell Leukemia/Lymphoma; Adult T-cell Leukemia/Lymphoma; Anaplastic Large Cell Lymphoma; Anaplastic Large Cell Lymphoma, ALK-Negative; Anaplastic Large Cell Lymphoma, ALK-Positive; Anaplastic Large-Cell Lymphoma; Anaplastic Large-cell Lymphoma; Anemia, Refractory, With Excess of Blasts; Angioimmunoblastic T-Cell Lymphoma; Angioimmunoblastic T-cell Lymphoma; Ann Arbor Stage I Hodgkin Lymphoma; Ann Arbor Stage I Lymphocyte-Depleted Classic HL; Ann Arbor Stage I Mixed Cellularity Classic Hodgkin Lymphoma; Ann Arbor Stage I Nodular Sclerosis Classic Hodgkin Lymphoma; Ann Arbor Stage I Primary Mediastinal (Thymic) Large B-Cell Lymphoma; Ann Arbor Stage IA Hodgkin Lymphoma; Ann Arbor Stage IB Hodgkin Lymphoma; Ann Arbor Stage II Hodgkin Lymphoma; Ann Arbor Stage II Lymphocyte-Depleted Classic HL; Ann Arbor Stage II Mixed Cellularity Classic HL; Ann Arbor Stage II Nodular Sclerosis Classic HL; Ann Arbor Stage II Noncutaneous Anaplastic Large Cell Lymphoma; Ann Arbor Stage II Noncutaneous Childhood Anaplastic Large Cell Lymphoma; Ann Arbor Stage II Primary Mediastinal (Thymic) Large B-Cell Lymphoma; Ann Arbor Stage IIA Hodgkin Lymphoma; Ann Arbor Stage IIB Hodgkin Lymphoma; Ann Arbor Stage III Hodgkin Lymphoma; Ann Arbor Stage III Lymphocyte-Depleted Classic Hodgkin Lymphoma; Ann Arbor Stage III Mixed Cellularity Classic Hodgkin Lymphoma; Ann Arbor Stage III Nodular Sclerosis Classic Hodgkin Lymphoma; Ann Arbor Stage III Noncutaneous Anaplastic Large Cell Lymphoma; Ann Arbor Stage III Noncutaneous Childhood Anaplastic Large Cell Lymphoma; Ann Arbor Stage III Primary Mediastinal (Thymic) Large B-Cell Lymphoma; Ann Arbor Stage IIIA Hodgkin Lymphoma; Ann Arbor Stage IIIB Hodgkin Lymphoma; Ann Arbor Stage IV Hodgkin Lymphoma; Ann Arbor Stage IV Lymphocyte-Depleted Classic Hodgkin Lymphoma; Ann Arbor Stage IV Mixed Cellularity Classic Hodgkin Lymphoma; Ann Arbor Stage IV Nodular Sclerosis Classic Hodgkin Lymphoma; Ann Arbor Stage IV Noncutaneous Anaplastic Large Cell Lymphoma; Ann Arbor Stage IV Noncutaneous Childhood Anaplastic Large Cell Lymphoma; Ann Arbor Stage IV Primary Mediastinal (Thymic) Large B-Cell Lymphoma; Ann Arbor Stage IVA Hodgkin Lymphoma; Ann Arbor Stage IVB Hodgkin Lymphoma; Breast Cancer; CD30-Positive Neoplastic Cells Present; CD30-positive Lymphoma; CD30-positive Solid Tumor; Classic Hodgkin Lymphoma; Cutaneous Lymphoma; Cutaneous T-Cell Lymphoma; Cutaneous T-cell Lymphoma (CTCL); Diffuse Cutaneous Systemic Sclerosis; Diffuse Large B-cell-lymphoma; Disease, Hodgkin; Enteropathy Associated T-cell Lymphoma; Enteropathy-Associated T-Cell Lymphoma; GVHD; Germ Cell Cancer; Graft Versus Host Disease; Graft-vs-Host Disease; HIV Infection; Hematopoietic/Lymphoid Cancer; Hepato-splenic T-cell Lymphoma; Hepatosplenic T-Cell Lymphoma; Hodgkin Disease; Hodgkin Lymphoma; Hodgkin Lymphoma, Adult; Hodgkin's Lymphoma; Lugano Classification Limited Stage Hodgkin Lymphoma AJCC v8; Lymphocyte-Rich Classic Hodgkin Lymphoma; Lymphoma; Lymphoma, B-Cell; Lymphoma, B-cell; Lymphoma, Large B-Cell, Diffuse; Lymphoma, Large B-cell, Diffuse; Lymphoma, Large-Cell, Anaplastic; Lymphoma, NK-cell; Lymphoma, Non-Hodgkin; Lymphoma, T-Cell; Lymphoma, T-Cell, Cutaneous; Lymphoma, T-cell; Malignant Mesothelioma; Mature T-Cell and NK-Cell Non-Hodgkin Lymphoma; Mycosis Fungoides; NK T-cell Lymphoma; Non-Hodgkin Lymphoma; Non-Hodgkin Lymphoma (NHL); Peripheral T Cell Lymphoma; Peripheral T-Cell Lymphoma; Peripheral T-Cell Lymphoma, Not Otherwise Specified; Primary Cutaneous Anaplastic Large Cell Lymphoma; Recurrent Angioimmunoblastic T-Cell Lymphoma; Recurrent Classic Hodgkin Lymphoma; Recurrent Enteropathy-Associated T-Cell Lymphoma; Recurrent Follicular Lymphoma; Recurrent Follicular T-Cell Lymphoma; Recurrent Hepatosplenic T-Cell Lymphoma; Recurrent Hodgkin Lymphoma; Recurrent Nodal Peripheral T-Cell Lymphoma With TFH Phenotype; Recurrent Peripheral T-Cell Lymphoma, Not Otherwise Specified; Recurrent Subcutaneous Panniculitis-Like T-Cell Lymphoma; Refractory Angioimmunoblastic T-Cell Lymphoma; Refractory Classic Hodgkin Lymphoma; Refractory Enteropathy-Associated T-Cell Lymphoma; Refractory Follicular Lymphoma; Refractory Follicular T-Cell Lymphoma; Refractory Hepatosplenic T-Cell Lymphoma; Refractory Hodgkin Lymphoma; Refractory Nodal Peripheral T-Cell Lymphoma With TFH Phenotype; Refractory Peripheral T-Cell Lymphoma, Not Otherwise Specified; Refractory Subcutaneous Panniculitis-Like T-Cell Lymphoma; Relapsed Classic Hodgkin Lymphoma; Relapsed or Refractory Anaplastic Large-cell Lymphoma; Relapsed or Refractory Hodgkin Lymphoma; Sezary Syndrome; Solid Tumors; Stage II Adult Hodgkin Lymphoma; Stage II Childhood Hodgkin Lymphoma; Stage III Adult Hodgkin Lymphoma; Stage III Childhood Hodgkin Lymphoma; Stage IV Adult Hodgkin Lymphoma; Stage IV Childhood Hodgkin Lymphoma; Systemic Anaplastic Large Cell Lymphoma; Sézary Syndrome; T-Cell Lymphoma; T-cell Lymphoma; Upper Tract Urothelial Carcinoma	MMAE (monomethyl auristatin E)	VALIDATED_KNOWN_ASSET	valine-citrulline cleavable linker (typical)	VALIDATED_KNOWN_ASSET	STRICT_ADC
ADC_CANDIDATE_TRASTUZUMAB_EMTANSINE	ADC_CANDIDATE	Trastuzumab emtansine	Kadcyla			53	configs/known_adc_assets.yaml; clinicaltrials	high	VALIDATED	Trastuzumab emtansine	T-DM1; Trastuzumab-DM1; Herceptin-DM1	HER2	Genentech	Approved	Accelerated Phase Chronic Myelogenous Leukemia, BCR-ABL1 Positive; Advanced Breast Carcinoma; Advanced Lymphoma; Advanced Malignant Solid Neoplasm; Advanced Ovarian Carcinoma; Advanced Pancreatic Carcinoma; Advanced Prostate Carcinoma; Advanced Sarcoma; Anatomic Stage III Breast Cancer AJCC v8; Anatomic Stage IV Breast Cancer AJCC v8; Anemia; Ann Arbor Stage III Hodgkin Lymphoma; Ann Arbor Stage III Non-Hodgkin Lymphoma; Ann Arbor Stage IV Hodgkin Lymphoma; Ann Arbor Stage IV Non-Hodgkin Lymphoma; Atypical Chronic Myeloid Leukemia, BCR-ABL1 Negative; Bladder Carcinoma; Blast Phase Chronic Myelogenous Leukemia, BCR-ABL1 Positive; Bone Metastases; Breast Adenocarcinoma; Breast Cancer; Breast Cancer Early Stage Breast Cancer (Stage 1-3); Breast Cancer Female; Breast Cancer Metastatic; Breast Cancer; HER2-positive; Metastatic; Breast Carcinoma; Breast Neoplasm; Breast Neoplasms; Breast Tumors; Castration-Resistant Prostate Carcinoma; Cervical Carcinoma; Chronic Phase Chronic Myelogenous Leukemia, BCR-ABL1 Positive; Colon Carcinoma; Colorectal Carcinoma; Early-stage Breast Cancer; Endometrial Carcinoma; Esophageal Carcinoma; Estrogen Receptor-positive Breast Cancer; Exocrine Pancreas Carcinoma; Gastric Cancer; Gastric Carcinoma; Glioma; HER2 Amplification; HER2 Gene Mutation; HER2 Mutant Non-small Cell Lung Cancer; HER2 Mutations Breast Neoplasms; HER2 Positive Breast Carcinoma; HER2 Positive Breast Neoplasms; HER2-expressing Non-small Cell Lung Cancer; HER2-negative Breast Cancer; HER2-positive Breast Cancer; HER2-positive Colorectal Cancer; HER2-positive Early Breast Cancer; HER2-positive Gastric Cancer; HER2-positive Metastatic Breast Cancer; Head and Neck Carcinoma; Hematopoietic and Lymphoid Cell Neoplasm; Hematopoietic and Lymphoid System Neoplasm; Her 2 Positive Breast Cancer; Hormone Receptor Negative Tumor; Hormone Receptor Positive Breast Neoplasms; Hormone Receptor Positive Tumor; Kidney Carcinoma; Liver Carcinoma; Liver Metastases; Locally Advanced Breast Cancer; Locally Advanced Pancreatic Adenocarcinoma; Lung Carcinoma; Lung Metastases; Lymphoma; Malignant Uterine Corpus Neoplasm; Malignant Uterine Neoplasm; Melanoma; Metastatic Breast Cancer; Metastatic Breast Cancer, HER2 Negative Primary Tumor; Metastatic Breast Carcinoma; Metastatic Colorectal Cancer; Metastatic Malignant Neoplasm in the Brain; Metastatic Malignant Solid Neoplasm; Metastatic Pancreatic Adenocarcinoma; Metastatic Salivary Gland Carcinoma; Multiple Myeloma; Myelodysplastic/Myeloproliferative Neoplasm With Ring Sideroblasts and Thrombocytosis; Myelodysplastic/Myeloproliferative Neoplasm, Unclassifiable; Neoplasm Metastasis; Ovarian Carcinoma; Pregnancy; Primary Myelofibrosis; Prognostic Stage IV Breast Cancer AJCC v8; Prostate Carcinoma; Rectal Carcinoma; Recurrent Acute Lymphoblastic Leukemia; Recurrent Acute Myeloid Leukemia; Recurrent Adult Soft Tissue Sarcoma; Recurrent Bladder Carcinoma; Recurrent Breast Cancer; Recurrent Breast Carcinoma; Recurrent Cervical Carcinoma; Recurrent Chronic Lymphocytic Leukemia; Recurrent Chronic Myelogenous Leukemia, BCR-ABL1 Positive; Recurrent Colon Carcinoma; Recurrent Colorectal Carcinoma; Recurrent Esophageal Carcinoma; Recurrent Gastric Carcinoma; Recurrent Glioma; Recurrent Head and Neck Carcinoma; Recurrent Hematologic Malignancy; Recurrent Hodgkin Lymphoma; Recurrent Liver Carcinoma; Recurrent Lung Carcinoma; Recurrent Lymphoma; Recurrent Malignant Solid Neoplasm; Recurrent Malignant Uterine Corpus Neoplasm; Recurrent Melanoma; Recurrent Multiple Myeloma; Recurrent Myelodysplastic Syndrome; Recurrent Myelodysplastic/Myeloproliferative Neoplasm; Recurrent Myeloproliferative Neoplasm; Recurrent Non-Hodgkin Lymphoma; Recurrent Ovarian Carcinoma; Recurrent Pancreatic Carcinoma; Recurrent Plasma Cell Myeloma; Recurrent Prostate Carcinoma; Recurrent Rectal Carcinoma; Recurrent Salivary Gland Carcinoma; Recurrent Skin Carcinoma; Recurrent Small Lymphocytic Lymphoma; Recurrent Thyroid Gland Carcinoma; Refractory Acute Lymphoblastic Leukemia; Refractory Acute Myeloid Leukemia; Refractory Chronic Lymphocytic Leukemia; Refractory Chronic Myelogenous Leukemia, BCR-ABL1 Positive; Refractory Chronic Myelomonocytic Leukemia; Refractory Hematologic Malignancy; Refractory Hodgkin Lymphoma; Refractory Lymphoma; Refractory Malignant Solid Neoplasm; Refractory Multiple Myeloma; Refractory Myelodysplastic Syndrome; Refractory Myelodysplastic/Myeloproliferative Neoplasm; Refractory Non-Hodgkin Lymphoma; Refractory Plasma Cell Myeloma; Refractory Primary Myelofibrosis; Refractory Small Lymphocytic Lymphoma; Skin Carcinoma; Soft Tissue Metastases; Stage II Breast Cancer AJCC v6 and v7; Stage II Pancreatic Cancer AJCC v8; Stage IIA Breast Cancer AJCC v6 and v7; Stage IIB Breast Cancer AJCC v6 and v7; Stage III Breast Cancer; Stage III Breast Cancer AJCC v7; Stage III Major Salivary Gland Cancer AJCC v8; Stage III Ovarian Cancer AJCC v8; Stage III Pancreatic Cancer AJCC v8; Stage IIIA Breast Cancer; Stage IIIA Breast Cancer AJCC v7; Stage IIIB Breast Cancer; Stage IIIB Breast Cancer AJCC v7; Stage IIIC Breast Cancer; Stage IIIC Breast Cancer AJCC v7; Stage IV Breast Cancer; Stage IV Major Salivary Gland Cancer AJCC v8; Stage IV Ovarian Cancer AJCC v8; Stage IV Pancreatic Cancer AJCC v8; Stage IV Prostate Cancer AJCC v8; Thyroid Gland Carcinoma; Triple Negative Breast Neoplasms; Triple-Negative Breast Cancer (TNBC); Unresectable Pancreatic Adenocarcinoma; Unresectable Salivary Gland Carcinoma; Upper Tract Urothelial Carcinoma	DM1 (maytansinoid)	VALIDATED_KNOWN_ASSET	SMCC non-cleavable linker (typical)	VALIDATED_KNOWN_ASSET	STRICT_ADC
ADC_CANDIDATE_INOTUZUMAB_OZOGAMICIN	ADC_CANDIDATE	Inotuzumab ozogamicin	Besponsa			31	configs/known_adc_assets.yaml; clinicaltrials	high	VALIDATED	Inotuzumab ozogamicin	CMC-544; PF-05208773	CD22	Pfizer	Approved	ACUTE LYMPHOBLASTIC LEUKEMIA; Acute Leukemias of Ambiguous Lineage; Acute Lymphoblastic Leukemia; Acute Lymphocytic Leukemia; Adult Relapsed/Refractory B Cell Acute Lymphoblastic Leukemia; B Acute Lymphoblastic Leukemia; B Acute Lymphoblastic Leukemia With t(9;22)(q34.1;q11.2); BCR-ABL1; B Acute Lymphoblastic Leukemia, Philadelphia Chromosome Negative; B Lymphoblastic Lymphoma; B-Cell Lymphoma; B-cell Adult Acute Lymphoblastic Leukemia; B-cell Lymphoma Refractory; Blast Phase Chronic Myelogenous Leukemia, BCR-ABL1 Positive; Blasts More Than 5 Percent of Bone Marrow Nucleated Cells; Bone Marrow Transplant; Burkitt-Like Lymphoma With 11q Aberration; CD22 Positive; Diffuse Large B Cell Lymphoma; Diffuse Large B-Cell Lymphoma; Hematopoietic and Lymphoid Cell Neoplasm; High Grade B-Cell Lymphoma With MYC and BCL2 and/or BCL6 Rearrangements; High Grade B-Cell Lymphoma, Not Otherwise Specified; Leukemia; Lymphoma; Lymphoma, B-Cell; Lymphoma, Follicular; Lymphoma, Non-Hodgkin; Minimal Residual Disease; Ph+ ALL; Philadelphia Chromosome Positive Adult Precursor Acute Lymphoblastic Leukemia; Philadelphia Chromosome Positive, BCR-ABL1 Positive Chronic Myelogenous Leukemia; Precursor Cell Lymphoblastic Leukemia-Lymphoma; Precursor b-Cell Lymphoblastic Leukemia-Lymphoma; Recurrent Acute Lymphoblastic Leukemia; Recurrent Adult Acute Lymphoblastic Leukemia; Recurrent Adult Burkitt Lymphoma; Recurrent B Acute Lymphoblastic Leukemia; Recurrent B Lymphoblastic Lymphoma; Recurrent Burkitt Lymphoma; Recurrent Chronic Myelogenous Leukemia, BCR-ABL1 Positive; Refractory Acute Lymphoblastic Leukemia; Refractory B Acute Lymphoblastic Leukemia; Refractory B Lymphoblastic Lymphoma; Refractory Burkitt Lymphoma; Refractory Chronic Myelogenous Leukemia, BCR-ABL1 Positive	calicheamicin	VALIDATED_KNOWN_ASSET	acid-cleavable AcBut linker (typical)	VALIDATED_KNOWN_ASSET	STRICT_ADC
ADC_CANDIDATE_POLATUZUMAB_VEDOTIN	ADC_CANDIDATE	Polatuzumab vedotin	Polivy			52	configs/known_adc_assets.yaml; clinicaltrials	high	VALIDATED	Polatuzumab vedotin	DCDS4501A; DCDS4501S; RG7596	CD79b	Genentech	Approved	ALK-Positive Large B-Cell Lymphoma; Aggressive Non-Hodgkin Lymphoma; Ann Arbor Stage II Diffuse Large B-Cell Lymphoma; Ann Arbor Stage II Follicular Lymphoma; Ann Arbor Stage II Marginal Zone Lymphoma; Ann Arbor Stage III Diffuse Large B-Cell Lymphoma; Ann Arbor Stage III Follicular Lymphoma; Ann Arbor Stage III Marginal Zone Lymphoma; Ann Arbor Stage IV Diffuse Large B-Cell Lymphoma; Ann Arbor Stage IV Follicular Lymphoma; Ann Arbor Stage IV Marginal Zone Lymphoma; B-Cell Lymphoma; B-Cell Non-Hodgkin Lymphoma; B-cell Lymphoma; B-cell Non-Hodgkin Lymphoma; Burkitt Lymphoma; Chronic Lymphocytic Leukemia; DLBCL; Diffuse Large B Cell Lymphoma; Diffuse Large B Cell Lymphoma (DLBCL); Diffuse Large B-Cell Lymphoma; Diffuse Large B-Cell Lymphoma (DLBCL); Diffuse Large B-Cell Lymphoma Unclassifiable; Diffuse Large B-Cell Lymphoma, Not Otherwise Specified; Diffuse Large B-cell Lymphoma; Diffuse, Large B-Cell, Lymphoma; Double Expressor Lymphoma; EBV-Positive Diffuse Large B-Cell Lymphoma, Not Otherwise Specified; Follicular Lymphoma; Grade 1 Follicular Lymphoma; Grade 2 Follicular Lymphoma; Grade 3a Follicular Lymphoma; Grade 3b Follicular Lymphoma; Gray-Zone Lymphoma; High Grade B-Cell Lymphoma; High Grade B-Cell Lymphoma With MYC and BCL2 and/or BCL6 Rearrangements; High Grade B-Cell Lymphoma With MYC and BCL2 or BCL6 Rearrangements; High Grade B-Cell Lymphoma With MYC, BCL2, and BCL6 Rearrangements; High Grade B-Cell Lymphoma w/MYC & BCL2 or BCL6 Rearrangements; High Grade B-Cell Lymphoma w/MYC, BCL2 & BCL6 Rearrangements; High Grade B-Cell Lymphoma, Not Otherwise Specified; High-grade B-cell Lymphoma; Hodgkin Lymphoma; Indolent B-Cell Non-Hodgkin Lymphoma; Indolent Non-Hodgkin Lymphoma; Large B-cell Lymphoma; Lymphoma; Lymphoma, B-Cell; Lymphoma, Follicular; Lymphoma, Large B-Cell, Diffuse; Lymphoma, Mantle-Cell; Lymphoma, Non Hodgkin; Mantle Cell Lymphoma; Marginal Zone Lymphoma; Non-Hodgkin Lymphoma; Non-Hodgkin's Lymphoma; Non-Hodgkins Lymphoma; Post-transplant Lymphoproliferative Disorder; Primary Mediastinal (Thymic) Large B-Cell Lymphoma; Primary Mediastinal Large B-Cell Lymphoma; Recurrent B-Cell Non-Hodgkin Lymphoma; Recurrent Diffuse Large B-Cell Lymphoma; Recurrent Extranodal Marginal Zone Lymphoma of Mucosa-Associated Lymphoid Tissue; Recurrent Grade 1 Follicular Lymphoma; Recurrent Grade 2 Follicular Lymphoma; Recurrent Grade 3a Follicular Lymphoma; Recurrent Mantle Cell Lymphoma; Recurrent Marginal Zone Lymphoma; Recurrent Nodal Marginal Zone Lymphoma; Recurrent Primary Mediastinal (Thymic) Large B-Cell Cell Lymphoma; Recurrent Small Lymphocytic Lymphoma; Recurrent Splenic Marginal Zone Lymphoma; Recurrent Transformed B-Cell Non-Hodgkin Lymphoma; Refractory B-Cell Non-Hodgkin Lymphoma; Refractory Diffuse Large B-Cell Lymphoma; Refractory Extranodal Marginal Zone Lymphoma of Mucosa-Associated Lymphoid Tissue; Refractory Grade 1 Follicular Lymphoma; Refractory Grade 2 Follicular Lymphoma; Refractory Grade 3a Follicular Lymphoma; Refractory Mantle Cell Lymphoma; Refractory Marginal Zone Lymphoma; Refractory Nodal Marginal Zone Lymphoma; Refractory Non-Hodgkin Lymphoma; Refractory Primary Mediastinal (Thymic) Large B-Cell Cell Lymphoma; Refractory Small Lymphocytic Lymphoma; Refractory Splenic Marginal Zone Lymphoma; Refractory Transformed B-Cell Non-Hodgkin Lymphoma; Relapsed B-Cell Non-Hodgkin Lymphoma; Relapsed Non Hodgkin Lymphoma; Relapsed or Refractory Diffuse Large B-Cell Lymphoma; Relapsed or Refractory Follicular Lymphoma, Relapsed or Refractory Diffuse Large B-Cell Lymphoma; Richter Syndrome; Richter's Transformation; T-Cell/Histiocyte-Rich Large B-Cell Lymphoma; Transformed Follic Lymph to Diff Large B-Cell Lymphoma; Transformed Indolent B-Cell Non-Hodgkin Lymphoma to Diffuse Large B-Cell Lymphoma; Transformed Marg Zone Lymph to Diff Large B-Cell Lymphoma; Transformed Marginal Zone Lymphoma to Diffuse Large B-Cell Lymphoma; Transformed Non-Hodgkin Lymphoma	MMAE (monomethyl auristatin E)	VALIDATED_KNOWN_ASSET	valine-citrulline cleavable linker (typical)	VALIDATED_KNOWN_ASSET	STRICT_ADC
ADC_CANDIDATE_ENFORTUMAB_VEDOTIN	ADC_CANDIDATE	Enfortumab vedotin	Padcev			54	configs/known_adc_assets.yaml; clinicaltrials	high	VALIDATED	Enfortumab vedotin	ASG-22ME; AGS-22ME	Nectin-4	Seagen	Approved	Advanced Solid Tumor; Advanced or Metastatic Solid Malignancies; Androgen-Resistant Prostatic Neoplasms; Bellini Carcinoma; Bladder Adenocarcinoma; Bladder Cancer; Bladder Squamous Cell Carcinoma; Breast Cancer; Cancer; Carcinoma Transitional Cell; Carcinoma in Situ; Carcinoma, Transitional Cell; Castration Resistant Prostatic Neoplasms; Collecting Duct Carcinoma; Gene Abnormality; Gene Product Sequence Variation; Hepatocellular Carcinoma; High Grade Urothelial Carcinoma; Infiltrating Bladder Urothelial Carcinoma With Squamous Differentiation; Locally Advanced Bladder Carcinoma; Locally Advanced Bladder Urothelial Carcinoma; Locally Advanced Renal Pelvis Urothelial Carcinoma; Locally Advanced Renal Pelvis and Ureter Urothelial Carcinoma; Locally Advanced Ureter Urothelial Carcinoma; Locally Advanced Urethral Urothelial Carcinoma; Locally Advanced Urothelial Carcinoma; Locally Advanced or Metastatic Malignant Solid Tumors; Locally Advanced or Metastatic Urothelial Carcinoma (UC); Lung Cancer; Malignant Renal Pelvis Neoplasm; Malignant Ureter Neoplasm; Malignant Urethral Neoplasm; Metastatic Bladder Carcinoma; Metastatic Bladder Urothelial Carcinoma; Metastatic Castration-resistant Prostate Cancer; Metastatic Colorectal Cancer; Metastatic Penile Squamous Cell Carcinoma; Metastatic Renal Pelvis Urothelial Carcinoma; Metastatic Renal Pelvis and Ureter Urothelial Carcinoma; Metastatic Ureter Urothelial Carcinoma; Metastatic Urethral Urothelial Carcinoma; Metastatic Urothelial Cancer; Metastatic Urothelial Cancer and Other Malignant Solid Tumors; Metastatic Urothelial Carcinoma; Metastatic Urothelial Carcinoma of the Renal Pelvis and Ureter; Muscle Invasive Bladder Cancer; Muscle-Invasive Bladder Carcinoma; NMIBC; Non-muscle Invasive Bladder Cancer; Pancreas Adenocarcinoma; Pancreas Cancer; Pancreatic Ductal Adenocarcinoma; Penile Squamous Cell Carcinoma (PSCC); Prostatic Cancer, Castration-Resistant; Prostatic Neoplasms, Castration-Resistant; Recurrent Bladder Urothelial Carcinoma; Recurrent Renal Pelvis Urothelial Carcinoma; Recurrent Ureter Urothelial Carcinoma; Recurrent Urethral Urothelial Carcinoma; Recurrent Urothelial Carcinoma; Renal Medullary Carcinoma; Renal Pelvis Neoplasms; Renal Pelvis and Ureter Urothelial Carcinoma; Stage II Bladder Cancer AJCC v8; Stage III Bladder Cancer AJCC v8; Stage III Penile Cancer AJCC v8; Stage IIIA Bladder Cancer AJCC v8; Stage IIIB Bladder Cancer AJCC v8; Stage IV Bladder Cancer AJCC v8; Stage IV Penile Cancer AJCC v8; Stage IV Renal Pelvis Cancer AJCC v8; Stage IV Renal Pelvis and Ureter Cancer AJCC v8; Stage IV Ureter Cancer AJCC v8; Stage IV Urethral Cancer AJCC v8; Unresectable Bladder Carcinoma; Unresectable Penile Squamous Cell Carcinoma; Unresectable Urothelial Carcinoma; Upper Tract Urothelial Carcinoma; Urachal Adenocarcinoma; Ureteral Cancer; Ureteral Neoplasms; Urethral Neoplasms; Urinary Bladder Cancer, Muscle-invasive; Urinary Bladder Neoplasms; Urologic Neoplasms; Urothelial Cancer; Urothelial Carcinoma; Urothelial Carcinoma Bladder; Urothelial Carcinoma Ureter; Urothelial Carcinoma Urethra; Urothelial Carcinoma of the Renal Pelvis and Ureter; Urothelial Neoplasms	MMAE (monomethyl auristatin E)	VALIDATED_KNOWN_ASSET	valine-citrulline cleavable linker (typical)	VALIDATED_KNOWN_ASSET	STRICT_ADC
ADC_CANDIDATE_TRASTUZUMAB_DERUXTECAN	ADC_CANDIDATE	Trastuzumab deruxtecan	Enhertu			94	configs/known_adc_assets.yaml; clinicaltrials	high	VALIDATED	Trastuzumab deruxtecan	DS-8201; DS-8201a; T-DXd	HER2	Daiichi Sankyo	Approved	Adenocarcinoma - GEJ; Adenocarcinoma Gastric Stage IV With Metastases; Adenocarcinoma, Gastric; Advanced Breast Cancer; Advanced Breast Carcinoma; Advanced Colon Carcinoma; Advanced Colorectal Carcinoma; Advanced Endometrial Carcinoma; Advanced Gastric Carcinoma; Advanced Gastroesophageal Junction Adenocarcinoma; Advanced Lymphoma; Advanced Malignant Solid Neoplasm; Advanced Ovarian Carcinoma; Advanced Pancreatic Carcinoma; Advanced Prostate Carcinoma; Advanced Salivary Gland Carcinoma; Advanced Sarcoma; Advanced Solid Malignancies; Advanced Solid Tumor; Advanced Solid Tumors; Advanced Solid Tumors With HER2 Mutation,eg:Colorectal,Urothelial,Gastric, Hepatobiliary,Endometrial,Melanoma,Ovarian,Cervical,Salivary Gland,Pancreatic,Breast; Advanced or Metastatic Breast Cancer; Anatomic Stage III Breast Cancer AJCC v8; Anatomic Stage IV Breast Cancer AJCC v8; BREAST CANCER; Bladder Carcinoma; Bone Metastases; Brain Metastases; Breast Adenocarcinoma; Breast Cancer; Breast Cancer Early Stage Breast Cancer (Stage 1-3); Breast Cancer Female; Breast Cancer Metastatic; Breast Cancer Stage IV; Breast Cancer With Brain Metastasis; Breast Cancer; HER2-positive; Metastatic; Breast Carcinoma; Breast Neoplasm; Breast Neoplasms; Breast Tumors; Cancer; Cervical Carcinoma; Chemotherapy-induced Alopecia; Clinical Stage III Gastric Cancer AJCC v8; Clinical Stage III Gastroesophageal Junction Adenocarcinoma AJCC v8; Clinical Stage IV Gastric Cancer AJCC v8; Clinical Stage IV Gastroesophageal Junction Adenocarcinoma AJCC v8; Colon Carcinoma; Colorectal Carcinoma; Colorectal Neoplasm; Desmoplastic Small Round Cell Tumor; ER Positive Breast Cancer; Early-stage Breast Cancer; Endometrial Carcinoma; Esophageal Adenocarcinoma; Esophageal Cancer; Esophageal Carcinoma; Estrogen Receptor Positive Tumor; Estrogen Receptor-positive Breast Cancer; Exocrine Pancreas Carcinoma; Gastric Adenocarcinoma; Gastric Cancer; Gastric Cancer, Adenocarcinoma; Gastric Carcinoma; Gastric or Gastroesophageal Junction (GEJ) Adenocarcinoma; Gastroesophageal Junction Adenocarcinoma; Gastroesophageal-junction Cancer; Gastrooesophageal Cancer; Glioma; HER-2 Protein Overexpression; HER2 Amplification; HER2 Gene Mutation; HER2 Low Breast Adenocarcinoma; HER2 Low Breast Cancer; HER2 Low Breast Carcinoma; HER2 Mutant Non-small Cell Lung Cancer; HER2 Mutation-Related Tumors; HER2 Mutations Breast Neoplasms; HER2 Positive Breast Cancer; HER2 Positive Breast Carcinoma; HER2 Positive Breast Neoplasms; HER2-Positive Breast Carcinoma; HER2-Positive Primary Breast Cancer; HER2-expressing Non-small Cell Lung Cancer; HER2-low Breast Cancer; HER2-mutant Non-Small Cell Lung Cancer; HER2-negative Breast Cancer; HER2-positive Breast Cancer; HER2-positive Colorectal Cancer; HER2-positive Early Breast Cancer; HER2-positive Gastric Cancer; HER2-positive Metastatic Breast Cancer; HR Positive; Head and Neck Carcinoma; Hematopoietic and Lymphoid Cell Neoplasm; Her 2 Positive Breast Cancer; Hormone Receptor Negative Breast Carcinoma; Hormone Receptor Negative Tumor; Hormone Receptor Positive Breast Carcinoma; Hormone Receptor Positive Breast Neoplasms; Hormone Receptor Positive Tumor; Hormone Receptor-positive Breast Cancer; Inflammatory Breast Cancer Stage III; Invasive Breast Cancer; Kidney Carcinoma; Leptomeningeal Metastasis; Liver Carcinoma; Liver Metastases; Locally Advanced Breast Cancer; Locally Advanced Gastric Carcinoma; Locally Advanced Gastroesophageal Junction Adenocarcinoma; Locally Advanced Lung Non-Small Cell Carcinoma; Locally Advanced Malignant Solid Neoplasm; Lung Carcinoma; Lung Metastases; Lymphoma; Lymphoma, Non-Hodgkin; Malignant Hepatobiliary Neoplasm; Malignant Neoplasm of Breast; Malignant Uterine Corpus Neoplasm; Malignant Uterine Neoplasm; Melanoma; Metastatic; Metastatic Breast Cancer; Metastatic Breast Carcinoma; Metastatic Cancer; Metastatic Colon Carcinoma; Metastatic Colorectal Carcinoma; Metastatic Endometrial Carcinoma; Metastatic Gastric Carcinoma; Metastatic Gastroesophageal Junction Adenocarcinoma; Metastatic Lung Non-Small Cell Carcinoma; Metastatic Malignant Neoplasm in the Brain; Metastatic Malignant Solid Neoplasm; Metastatic Pancreatic Adenocarcinoma; Metastatic Salivary Gland Carcinoma; Multiple Myeloma; Neoplasm Metastasis; Neoplasm, Breast; Neoplasm, Gastrointestinal; Non-Small Cell Lung Cancer; Non-small Cell Lung Carcinoma; Osteosarcoma; Ovarian Carcinoma; PR-positive Breast Cancer; Part 1: Bladder, Biliary Tract, Cervical, Endometrial, Ovarian, Pancreatic Cancer, Rare Tumors, Any Tumor Type Excluding Breast, Gastric, Colorectal Cancer; Part 2: HER2 Expressing/Amplified Solid Tumors Excluding Breast, Gastric, Colorectal Cancer; Platinum-Resistant Ovarian High Grade Serous Adenocarcinoma; Pregnancy; Progesterone Receptor-positive Breast Cancer; Prostate Carcinoma; Rectal Carcinoma; Recurrent Adult Soft Tissue Sarcoma; Recurrent Bladder Carcinoma; Recurrent Breast Cancer; Recurrent Breast Carcinoma; Recurrent Cervical Carcinoma; Recurrent Colon Carcinoma; Recurrent Colorectal Carcinoma; Recurrent Desmoplastic Small Round Cell Tumor; Recurrent Esophageal Carcinoma; Recurrent Gastric Carcinoma; Recurrent Glioma; Recurrent Head and Neck Carcinoma; Recurrent Kidney Wilms Tumor; Recurrent Liver Carcinoma; Recurrent Lung Carcinoma; Recurrent Lymphoma; Recurrent Malignant Solid Neoplasm; Recurrent Malignant Uterine Corpus Neoplasm; Recurrent Melanoma; Recurrent Multiple Myeloma; Recurrent Osteosarcoma; Recurrent Ovarian Carcinoma; Recurrent Pancreatic Carcinoma; Recurrent Prostate Carcinoma; Recurrent Rectal Carcinoma; Recurrent Salivary Gland Carcinoma; Recurrent Skin Carcinoma; Recurrent Thyroid Gland Carcinoma; Refractory Desmoplastic Small Round Cell Tumor; Refractory Lymphoma; Refractory Malignant Solid Neoplasm; Refractory Multiple Myeloma; Refractory Wilms Tumor; Residual Invasive Breast Cancer; Skin Carcinoma; Soft Tissue Metastases; Solid Carcinoma; Solid Tumor; Solid Tumor, Adult; Stage II Breast Cancer; Stage II Breast Cancer AJCC v6 and v7; Stage II Pancreatic Cancer AJCC v8; Stage IIA Breast Cancer; Stage IIA Breast Cancer AJCC v6 and v7; Stage IIB Breast Cancer; Stage IIB Breast Cancer AJCC v6 and v7; Stage III Breast Cancer; Stage III Breast Cancer AJCC v7; Stage III Colon Cancer AJCC v8; Stage III Colorectal Cancer AJCC v8; Stage III Lung Cancer AJCC v8; Stage III Major Salivary Gland Cancer AJCC v8; Stage III Ovarian Cancer AJCC v8; Stage III Pancreatic Cancer AJCC v8; Stage III Uterine Corpus Carcinoma or Carcinosarcoma AJCC v8; Stage IIIA Breast Cancer; Stage IIIA Breast Cancer AJCC v7; Stage IIIB Breast Cancer; Stage IIIB Breast Cancer AJCC v7; Stage IIIC Breast Cancer; Stage IIIC Breast Cancer AJCC v7; Stage IV Breast Cancer; Stage IV Colon Cancer AJCC v8; Stage IV Colorectal Cancer AJCC v8; Stage IV Lung Cancer AJCC v8; Stage IV Major Salivary Gland Cancer AJCC v8; Stage IV Ovarian Cancer AJCC v8; Stage IV Pancreatic Cancer AJCC v8; Stage IV Uterine Corpus Carcinoma or Carcinosarcoma AJCC v8; Thyroid Gland Carcinoma; Triple Negative Breast Cancer; Triple Negative Breast Neoplasms; Triple-Negative Breast Cancer (TNBC); Unresectable Breast Carcinoma; Unresectable Colon Carcinoma; Unresectable Colorectal Carcinoma; Unresectable Endometrial Carcinoma; Unresectable Gastric Carcinoma; Unresectable Gastroesophageal Junction Adenocarcinoma; Unresectable Malignant Solid Neoplasm; Unresectable Pancreatic Adenocarcinoma; Unresectable Salivary Gland Carcinoma; Urothelial Carcinoma; Wilms Tumor	an exatecan derivative (topoisomerase-1 inhibitor)	VALIDATED_KNOWN_ASSET	cleavable GGFG peptide linker (typical)	VALIDATED_KNOWN_ASSET	STRICT_ADC
ADC_CANDIDATE_SACITUZUMAB_GOVITECAN	ADC_CANDIDATE	Sacituzumab govitecan	Trodelvy			56	configs/known_adc_assets.yaml; clinicaltrials	high	VALIDATED	Sacituzumab govitecan	IMMU-132	Trop-2	Gilead Sciences	Approved	Advanced Breast Cancer; Advanced Solid Tumor; Advanced Solid Tumors; Advanced or Metastatic Solid Tumor; Anaplastic Thyroid Cancer; Anatomic Stage IV Breast Cancer AJCC v8; Bladder Cancer; Breast Cancer; Breast Cancer Female; Breast Cancer Metastatic; Cancer; Carcinoma Breast Stage IV; Carcinoma, Non-Small-Cell Lung; Cervical Cancer; Chemotherapy-induced Alopecia; Circulating Tumor DNA; Differentiated Thyroid Cancer; Endometrial Cancer; Endometrial Carcinoma; Esophageal Cancer; Gastric Adenocarcinoma; Glioblastoma Multiforme; HER2-negative Breast Cancer; HPV Positive Oropharyngeal Squamous Cell Carcinoma; HR+/HER2- Metastatic Breast Cancer; HR-Positive Breast Cancer; HRD Cancer; Head and Neck Cancers- Squamous Cell; Hepatocellular Carcinoma; Her 2 Positive Breast Cancer; Hormone-receptor-positive Breast Cancer; Hormone-refractory Prostate Cancer; Human Epidermal Growth Factor 2 Low Breast Cancer; Hypopharynx Cancer; Hypopharynx Squamous Cell Carcinoma; Invasive Breast Cancer; Invasive Breast Carcinoma; Larynx Cancer; Larynx Squamous Cell Carcinoma; Liver Failure; Locally Advanced Cholangiocarcinoma; Locally Advanced Urothelial Carcinoma; Locally Advanced or Metastatic Unresectable Urothelial Cancer; Locally Advanced or Metastatic Urothelial Carcinoma; Lung Cancer; Metastatic Bladder Urothelial Carcinoma; Metastatic Breast Cancer; Metastatic Cholangiocarcinoma; Metastatic HER2 Negative Breast Carcinoma; Metastatic Malignant Neoplasm in the Brain; Metastatic Solid Tumors; Metastatic Triple-Negative Breast Cancer; Metastatic Triple-Negative Breast Carcinoma; Metastatic Triple-negative Breast Cancer; Metastatic Urothelial Cancer; Metastatic Urothelial Carcinoma; Metastatic Urothelial Carcinoma of the Renal Pelvis and Ureter; Nasal Cavity Cancer; Non-small Cell Lung Cancer; Oral Cavity Cancer; Oral Squamous Cell Carcinoma; Oropharynx Cancer; Oropharynx Squamous Cell Carcinoma; Ovarian Epithelial Cancer; PD-L1 Negative; Pancreatic Cancer; Prognostic Stage IV Breast Cancer AJCC v8; Recurrent Breast Carcinoma; Recurrent Cholangiocarcinoma; Refractory Bladder Urothelial Carcinoma; Refractory Urothelial Carcinoma; Renal Cell Cancer; Residual Cancer; SCLC; Sinus Cancer; Small Cell Lung Cancer; Solid Tumor; Solid Tumor, Adult; Squamous Cell Carcinoma of Head and Neck; Stage III Breast Cancer; Stage III Hilar Cholangiocarcinoma AJCC v8; Stage III Intrahepatic Cholangiocarcinoma AJCC v8; Stage IIIA Breast Cancer; Stage IIIB Breast Cancer; Stage IIIC Breast Cancer; Stage IV Bladder Cancer AJCC v8; Stage IV Breast Cancer; Stage IV Hilar Cholangiocarcinoma AJCC v8; Stage IV Intrahepatic Cholangiocarcinoma AJCC v8; Triple Negative Breast Cancer; Triple-Negative Breast Cancer; Triple-Negative Breast Carcinoma; Unresectable Breast Carcinoma; Unresectable Urothelial Carcinoma; Urinary Bladder Neoplasms; Urothelial Cancer; Urothelial Carcinoma	SN-38 (topoisomerase-1 inhibitor, irinotecan metabolite)	VALIDATED_KNOWN_ASSET	cleavable CL2A linker (typical)	VALIDATED_KNOWN_ASSET	STRICT_ADC
ADC_CANDIDATE_BELANTAMAB_MAFODOTIN	ADC_CANDIDATE	Belantamab mafodotin	Blenrep; Belamaf			65	configs/known_adc_assets.yaml; clinicaltrials	high	VALIDATED	Belantamab mafodotin	GSK2857916	BCMA	GSK	Approved	AL Amyloidosis; Anaplastic Lymphoma Kinase Positive Large B-Cell Lymphoma; Multiple Myeloma; Multiple Myeloma, Refractory; Myeloma; Plasma Cell Myeloma; Plasma Cell Myeloma Refractory; RELAPSED AND/OR REFRACTORY MULTIPLE MYELOMA; Recurrent Multiple Myeloma; Recurrent Plasma Cell Myeloma; Refractory Multiple Myeloma; Refractory Plasma Cell Myeloma; Refractory Plasmablastic Lymphoma; Relapse Multiple Myeloma; Relapsed Cancer; Relapsed Plasmablastic Lymphoma; Relapsed Refractory Multiple Myeloma; Relapsed and/or Refractory Multiple Myeloma; Relapsed/Refractory Multiple Myeloma	MMAF (monomethyl auristatin F)	VALIDATED_KNOWN_ASSET	maleimidocaproyl non-cleavable linker (typical)	VALIDATED_KNOWN_ASSET	STRICT_ADC
ADC_CANDIDATE_LONCASTUXIMAB_TESIRINE	ADC_CANDIDATE	Loncastuximab tesirine	Zynlonta			33	configs/known_adc_assets.yaml; clinicaltrials	high	VALIDATED	Loncastuximab tesirine	ADCT-402; Lonca-T	CD19	ADC Therapeutics	Approved	Acute Lymphoblastic Leukemia; B-Cell Lymphoma Treatment; B-Cell Non-Hodgkin Lymphoma; B-cell Lymphoma; B-cell Non Hodgkin Lymphoma; Breast Cancer; Burkitt Lymphoma; Burkitt's Lymphoma; Chronic Lymphocytic Leukemia; Diffuse Large B-Cell Lymphoma; Diffuse Large B-Cell Lymphoma Refractory; Diffuse Large B-cell Lymphoma; Diffuse Large B-cell Lymphoma Recurrent; Double-Expressor Lymphoma; Follicular Lymphoma; High Grade B-Cell Lymphoma With MYC and BCL2 and/or BCL6 Rearrangements; High Grade B-Cell Lymphoma With MYC and BCL2 or BCL6 Rearrangements; High Grade B-Cell Lymphoma With MYC, BCL2, and BCL6 Rearrangements; High-grade B-cell Lymphoma; High-grade B-cell Lymphoma (HGBCL); Large B-cell Lymphoma; Lymphoma; Lymphoma, Follicular; Lymphoma, Large B-Cell, Diffuse; Lymphoma, Mantle-Cell; Lymphoma, Marginal Zone; Mantle Cell Lymphoma; Marginal Zone Lymphoma; Non-Hodgkin Lymphoma; Primary Mediastinal B-cell Lymphoma; Recurrent B-Cell Non-Hodgkin Lymphoma; Recurrent Diffuse Large B-Cell Lymphoma; Recurrent Diffuse Large B-Cell Lymphoma, Not Otherwise Specified; Recurrent Follicular Lymphoma; Recurrent Grade 3b Follicular Lymphoma; Recurrent High Grade B-Cell Lymphoma; Recurrent High Grade B-Cell Lymphoma With MYC and BCL2 or BCL6 Rearrangements; Recurrent Mantle Cell Lymphoma; Recurrent Primary Mediastinal (Thymic) Large B-Cell Lymphoma; Recurrent Transformed Chronic Lymphocytic Leukemia; Recurrent Transformed Follicular Lymphoma to Diffuse Large B-Cell Lymphoma; Recurrent Transformed Indolent B-Cell Non-Hodgkin Lymphoma to Diffuse Large B-Cell Lymphoma; Refractory B-Cell Non-Hodgkin Lymphoma; Refractory Diffuse Large B-Cell Lymphoma; Refractory Diffuse Large B-Cell Lymphoma, Not Otherwise Specified; Refractory Follicular Lymphoma; Refractory Grade 3b Follicular Lymphoma; Refractory High Grade B-Cell Lymphoma; Refractory High Grade B-Cell Lymphoma With MYC and BCL2 or BCL6 Rearrangements; Refractory Mantle Cell Lymphoma; Refractory Non-Hodgkin Lymphoma; Refractory Primary Mediastinal (Thymic) Large B-Cell Lymphoma; Refractory Transformed Chronic Lymphocytic Leukemia; Refractory Transformed Follicular Lymphoma to Diffuse Large B-Cell Lymphoma; Refractory Transformed Indolent B-Cell Non-Hodgkin Lymphoma to Diffuse Large B-Cell Lymphoma; Relapse; Relapsed B-Cell Non-Hodgkin Lymphoma; Relapsed Diffuse Large B-Cell Lymphoma; Relapsed Diffuse Large B-cell Lymphoma; Relapsed Follicular Lymphoma; Relapsed Mantle Cell Lymphoma; Relapsed Non Hodgkin Lymphoma; Relapsed or Refractory Diffuse Large B-Cell Lymphoma (R/R DLBCL); Relapsed or Refractory Large B-cell Lymphoma; Relapsed or Refractory Lymphoma; Upper Tract Urothelial Carcinoma; Waldenstrom Macroglobulinemia	a PBD (pyrrolobenzodiazepine) dimer	VALIDATED_KNOWN_ASSET	cleavable linker (typical)	VALIDATED_KNOWN_ASSET	STRICT_ADC
ADC_CANDIDATE_TISOTUMAB_VEDOTIN	ADC_CANDIDATE	Tisotumab vedotin	Tivdak			19	configs/known_adc_assets.yaml; clinicaltrials	high	VALIDATED	Tisotumab vedotin	HuMax-TF-ADC; HuMax-TF	Tissue Factor	Genmab	Approved	Bladder Cancer; Breast Cancer; Carcinoma, Non-Small-Cell Lung; Carcinoma, Squamous Cell of Head and Neck; Cervical Cancer; Cervix Cancer; Colorectal Neoplasms; Endometrium Cancer; Esophagus Cancer; Exocrine Pancreatic Cancer; Fallopian Tube Cancer; Lung Cancer (NSCLC); Lung Cancer(NSCLC); Lung Cancer, Nonsmall Cell; Ovarian Cancer; Ovary Cancer; Peritoneal Cancer; Prostate Cancer; Prostate Cancer (CRPC); Recurrent or Metastatic Vulvar Cancer; Solid Malignancies; Solid Tumor; Squamous Cell Carcinoma Vulva; Squamous Cell Carcinoma of the Head and Neck; Squamous Cell Carcinoma of the Head and Neck (SCCHN); Upper Tract Urothelial Carcinoma; Vulvar Carcinoma	MMAE (monomethyl auristatin E)	VALIDATED_KNOWN_ASSET	valine-citrulline cleavable linker (typical)	VALIDATED_KNOWN_ASSET	STRICT_ADC
ADC_CANDIDATE_MIRVETUXIMAB_SORAVTANSINE	ADC_CANDIDATE	Mirvetuximab soravtansine	Elahere			35	configs/known_adc_assets.yaml; clinicaltrials	high	VALIDATED	Mirvetuximab soravtansine	IMGN853	Folate receptor alpha	ImmunoGen	Approved	Advanced High-Grade Epithelial Ovarian Cancer; Anatomic Stage II Breast Cancer AJCC v8; Anatomic Stage IIA Breast Cancer AJCC v8; Anatomic Stage IIB Breast Cancer AJCC v8; Anatomic Stage III Breast Cancer AJCC v8; Anatomic Stage IIIA Breast Cancer AJCC v8; Anatomic Stage IIIB Breast Cancer AJCC v8; Anatomic Stage IIIC Breast Cancer AJCC v8; Anatomic Stage IV Breast Cancer AJCC v8; BRCA1 Gene Mutation; BRCA2 Gene Mutation; Breast Cancer Triple Negative; Endometrial Adenocarcinoma; Endometrial Cancer; Endometrial Clear Cell Adenocarcinoma; Endometrial Serous Adenocarcinoma; Epithelial Ovarian Cancer; Estrogen Receptor Negative; Fallopian Tube; Fallopian Tube Cancer; Fallopian Tube Cancers; Fallopian Tube Neoplasms; Folate Receptor Alpha Positive; Folate Receptor-Alpha Positive; HER2/Neu Negative; High Grade Ovarian Cancer; Neoadjuvant; Neoplasm Metastasis; Ovarian Cancer; Ovarian Neoplasms; Ovary Cancer; Peritoneal Cancer; Peritoneal Neoplasms; Platinum Resistant Ovarian Cancer; Primary Peritoneal Cancer; Primary Peritoneal Carcinoma; Progesterone Receptor Negative; Prognostic Stage II Breast Cancer AJCC v8; Prognostic Stage IIA Breast Cancer AJCC v8; Prognostic Stage IIB Breast Cancer AJCC v8; Prognostic Stage III Breast Cancer AJCC v8; Prognostic Stage IIIA Breast Cancer AJCC v8; Prognostic Stage IIIB Breast Cancer AJCC v8; Prognostic Stage IIIC Breast Cancer AJCC v8; Prognostic Stage IV Breast Cancer AJCC v8; Recurrent Breast Carcinoma; Recurrent Epithelial Ovarian, Fallopian or Peritoneal Carcinoma; Recurrent Fallopian Tube Carcinoma; Recurrent Ovarian Cancer; Recurrent Ovarian Carcinoma; Recurrent Primary Peritoneal Carcinoma; Recurrent Uterine Carcinosarcoma; Recurrent Uterine Corpus Carcinoma; Recurrent Uterine Serous Carcinoma; Triple-Negative Breast Carcinoma; Tumors	DM4 (maytansinoid)	VALIDATED_KNOWN_ASSET	SPDB-based cleavable linker (typical)	VALIDATED_KNOWN_ASSET	STRICT_ADC
ADC_CANDIDATE_DISITAMAB_VEDOTIN	ADC_CANDIDATE	Disitamab vedotin	Aidixi			70	configs/known_adc_assets.yaml; clinicaltrials	high	VALIDATED	Disitamab vedotin	RC48; RC48-ADC	HER2	RemeGen	Approved	Advanced Breast Cancer; Advanced Cancer; Advanced Gastric Cancer; Advanced Gastroesophageal Adenocarcinoma; Advanced Gastroesophageal Junction Adenocarcinoma; Advanced Melanoma; Advanced Solid Tumor; Biliary Carcinoma; Biliary Tract Cancer; Bladder Cancer; Breast Cancer; Breast Diseases; Breast Neoplasms; Capecitabine; Carcinoma; Carcinoma, Non-Small-Cell Lung; Colorectal Cancer; Colorectal Neoplasms; Endometrial Neoplasms; Gastric Cancer; Gastroesophageal Junction Adenocarcinoma; Gynecological Malignancy; HER-2 Protein Overexpression; HER2; HER2 + Breast Cancer; HER2 Low Breast Neoplasms; HER2 Overexpressing Gastric Carcinoma; HER2 Positive Breast Carcinoma; HER2 Positive Breast Neoplasms; HER2-Positive Solid Tumors; HER2-expressing; HER2-positive; HER2-positive Advanced Breast With Liver Metastases; HER2-positive Breast Cancer; HER2-positive Gastric Cancer; HR Positive/HER2 Low Expression Metastatic Breast Cancer; Head and Neck Neoplasms; Her2 Overexpressing High-Risk Non-Muscle Invasive Bladder Urothelial Carcinoma; Melanoma, Stage II; Metastatic Breast Cancer; Metastatic Castration-resistant Prostate Cancer; Metastatic Gastric Cancer; Muscle Invasive Bladder Carcinoma; NMIBC; Neoadjuvant Immunotherapy; Neoadjuvant Treatment of Her2-positive Muscle-invasive Bladder Cance; Non Small Cell Lung Cancer; Non-muscle Invasive Bladder Cancer; Ovarian Neoplasms; Radical Cystectomy; Salivary Gland Tumors; Solid Tumor; Solid Tumors; Stomach Neoplasms; Triple Negative Breast Neoplasms; UTUC; Upper Tract Urothelial Carcinoma; Urothelial Carcinoma; Uterine Cervical Neoplasms	MMAE (monomethyl auristatin E)	VALIDATED_KNOWN_ASSET	valine-citrulline cleavable linker (typical)	VALIDATED_KNOWN_ASSET	STRICT_ADC
ADC_CANDIDATE_DATOPOTAMAB_DERUXTECAN	ADC_CANDIDATE	Datopotamab deruxtecan	Datroway			50	configs/known_adc_assets.yaml; clinicaltrials	high	VALIDATED	Datopotamab deruxtecan	DS-1062; DS-1062a; Dato-DXd	Trop-2	Daiichi Sankyo	Approved	Additional Indications Below for Module 4 and 5; Advanced Gastroesophageal Adenocarcinoma; Advanced Non Small Cell Lung Cancer; Advanced Solid Malignancies; Advanced Solid Tumor; Advanced Solid Tumors That Are MTAP Deficient; Advanced or Metastatic NSCLC; Angiosarcoma; Biliary Cancer; Biliary Tract Cancer; Bladder Cancer; Brain Metastases; Breast Cancer; Breast Cancer Female; Breast Cancer Stage IV; Breast Neoplasms; Breast Tumors; Carcinoma, Non-Small-Cell Lung; Cervical Cancer; Colorectal Cancer; EGFRm Advanced Non-Small Cell Lung Cancer; EGFRm Metastatic Non-Small Cell Lung Cancer; ER Positive Breast Cancer; ER-negative Breast Cancer; Early-stage Breast Cancer; Endometrial Cancer; Gastric Cancer; HER2 Negative Breast Carcinoma; HER2-low Breast Cancer; HER2-negative Breast Cancer; HER2-positive Breast Cancer; HER2-positive Gastric Cancer; Hormone Receptor Negative Tumor; Hormone Receptor Positive Breast Cancer; Hormone Receptor Positive Tumor; Locally Advanced Breast Cancer; Lung Cancer; Metastatic Breast Cancer; Metastatic Castration-resistant Prostate Cancer; Metastatic Lung Cancer; Metastatic Non Small Cell Lung Cancer; Metastatic Non-small Cell Lung Cancer; Metastatic Triple-Negative Breast Carcinoma; NSCLC; Non Small Cell Lung Cancer; Non-Small Cell Lung Cancer; Non-small Cell Lung Cancer; Ovarian Cancer; Pancreatic Cancer; Prostate Cancer; Small Cell Lung Cancer Only in Module 5; Stomatitis; TNBC - Triple-Negative Breast Cancer; Triple Negative Breast Cancer; Triple Negative Breast Neoplasms; Unresectable Non-small Lung Cancer; Urothelial Cancer	an exatecan derivative (topoisomerase-1 inhibitor)	VALIDATED_KNOWN_ASSET	cleavable GGFG peptide linker (typical)	VALIDATED_KNOWN_ASSET	STRICT_ADC
ADC_CANDIDATE_ADC_SUFFIX_5a33565c2c4a	ADC_CANDIDATE	Labetuzumab Govitecan		2012-05-24		1	clinicaltrials; conference_abstract_corpus	high	VALIDATED	Labetuzumab Govitecan				PHASE2	Colon Cancer; Metastatic Colorectal Cancer; Rectal Cancer	SN-38 (topoisomerase-1 inhibitor, irinotecan metabolite)	TEXT_OBSERVED	cleavable CL2A linker (typical)	USAN_INN_NAMING_INFERENCE	PRESUMED_STRICT_ADC
ADC_CANDIDATE_ADC_SUFFIX_f5c595efeea1	ADC_CANDIDATE	Pinatuzumab Vedotin		2012-09-25		1	clinicaltrials	high	VALIDATED	Pinatuzumab Vedotin				PHASE2	Diffuse Large B-Cell Lymphoma; Follicular Lymphoma	MMAE (monomethyl auristatin E)	USAN_INN_NAMING_INFERENCE	valine-citrulline cleavable linker (typical)	USAN_INN_NAMING_INFERENCE	PRESUMED_STRICT_ADC
ADC_CANDIDATE_ADC_SUFFIX_1c9d743cf54f	ADC_CANDIDATE	ladiratuzumab vedotin		2013-10-25		1	clinicaltrials; conference_abstract_corpus	high	VALIDATED	ladiratuzumab vedotin				PHASE1	HER2 Mutations Breast Neoplasms; HER2 Positive Breast Neoplasms; Hormone Receptor Positive Breast Neoplasms; Triple Negative Breast Neoplasms	MMAE (monomethyl auristatin E)	TEXT_OBSERVED	valine-citrulline cleavable linker (typical)	USAN_INN_NAMING_INFERENCE	PRESUMED_STRICT_ADC
ADC_CANDIDATE_ADC_SUFFIX_8e37de9e1d6b	ADC_CANDIDATE	Telisotuzumab vedotin		2014-03-28		1	clinicaltrials; conference_abstract_corpus	high	VALIDATED	Telisotuzumab vedotin				PHASE1	Advanced Solid Tumors Cancer	MMAE (monomethyl auristatin E)	TEXT_OBSERVED	valine-citrulline cleavable linker (typical)	USAN_INN_NAMING_INFERENCE	PRESUMED_STRICT_ADC
ADC_CANDIDATE_ADC_SUFFIX_6e0bdde22a85	ADC_CANDIDATE	glembatumumab vedotin		2014-11-27		2	clinicaltrials; conference_abstract_corpus	high	VALIDATED	glembatumumab vedotin				PHASE2	Melanoma; Recurrent Osteosarcoma	MMAE (monomethyl auristatin E)	TEXT_OBSERVED	valine-citrulline cleavable linker (typical)	USAN_INN_NAMING_INFERENCE	PRESUMED_STRICT_ADC
ADC_CANDIDATE_ADC_SUFFIX_9ba9a67ff4b7	ADC_CANDIDATE	Depatuxizumab mafodotin		2015-01-22		3	clinicaltrials; conference_abstract_corpus	high	VALIDATED	Depatuxizumab mafodotin				PHASE3	Glioblastoma; Glioblastoma Multiforme; Gliosarcoma	MMAF (monomethyl auristatin F)	TEXT_OBSERVED	maleimidocaproyl non-cleavable linker (typical)	USAN_INN_NAMING_INFERENCE	PRESUMED_STRICT_ADC
ADC_CANDIDATE_ADC_SUFFIX_4e000bdcb848	ADC_CANDIDATE	denintuzumab mafodotin		2015-10-30		2	clinicaltrials; conference_abstract_corpus	high	VALIDATED	denintuzumab mafodotin				PHASE2	Diffuse, Large B-Cell, Lymphoma; Follicular Lymphoma, Grade 3b; Lymphoma, B-cell; Lymphoma, Follicular, Grade 3b; Lymphoma, Large B-Cell, Diffuse; Transformed Lymphoma / DLBCL	MMAF (monomethyl auristatin F)	USAN_INN_NAMING_INFERENCE	maleimidocaproyl non-cleavable linker (typical)	USAN_INN_NAMING_INFERENCE	PRESUMED_STRICT_ADC
ADC_CANDIDATE_ADC_SUFFIX_f9862657f765	ADC_CANDIDATE	Rovalpituzumab tesirine		2016-02-04		2	clinicaltrials; conference_abstract_corpus	high	VALIDATED	Rovalpituzumab tesirine				PHASE2	Small Cell Lung Cancer; Small Cell Lung Carcinoma	a PBD (pyrrolobenzodiazepine) dimer	TEXT_OBSERVED	cleavable linker (typical)	USAN_INN_NAMING_INFERENCE	PRESUMED_STRICT_ADC
ADC_CANDIDATE_ADC_SUFFIX_76452e9163ef	ADC_CANDIDATE	Patritumab Deruxtecan		2016-12-02		5	clinicaltrials; conference_abstract_corpus	high	VALIDATED	Patritumab Deruxtecan				PHASE2	Advanced Non-Small Cell Squamous Lung Cancer; Breast Cancer; Breast Neoplasms; EGFR Gene Mutation; Malignant Neoplasm; Metastatic Breast Cancer; Non-Small Cell Lung Carcinoma; Solid Tumor, Adult	an exatecan derivative (topoisomerase-1 inhibitor)	TEXT_OBSERVED	cleavable GGFG peptide linker (typical)	USAN_INN_NAMING_INFERENCE	PRESUMED_STRICT_ADC
ADC_CANDIDATE_ADC_SUFFIX_8a46197896f6	ADC_CANDIDATE	Enapotamab vedotin		2016-12-09		1	clinicaltrials; conference_abstract_corpus	high	VALIDATED	Enapotamab vedotin				PHASE2	Cervical Cancer; Endometrial Cancer; Melanoma; Non Small Cell Lung Cancer (NSCLC); Ovarian Cancer; Sarcoma; Solid Tumors; Thyroid Cancer	MMAE (monomethyl auristatin E)	USAN_INN_NAMING_INFERENCE	valine-citrulline cleavable linker (typical)	USAN_INN_NAMING_INFERENCE	PRESUMED_STRICT_ADC
ADC_CANDIDATE_ADC_SUFFIX_5d5b94f8644a	ADC_CANDIDATE	Ifinatamab Deruxtecan		2020-07-15		4	clinicaltrials; conference_abstract_corpus	high	VALIDATED	Ifinatamab Deruxtecan				PHASE3	Extensive Stage-small Cell Lung Cancer; Extensive-stage Small-cell Lung Cancer; Neuroendocrine Carcinoma; Small Cell Lung Cancer; Small-Cell Lung Cancer	an exatecan derivative (topoisomerase-1 inhibitor)	TEXT_OBSERVED	cleavable GGFG peptide linker (typical)	USAN_INN_NAMING_INFERENCE	PRESUMED_STRICT_ADC
ADC_CANDIDATE_ADC_SUFFIX_c96d607d7f9f	ADC_CANDIDATE	Ozuriftamab Vedotin		2022-03-09		1	clinicaltrials; conference_abstract_corpus	high	VALIDATED	Ozuriftamab Vedotin				PHASE2	Head and Neck Cancer; Metastatic Cancer; Metastatic Squamous Cell Carcinoma of the Head and Neck; Recurrent Squamous Cell Carcinoma of the Head and Neck; Squamous Cell Carcinoma of Head and Neck	MMAE (monomethyl auristatin E)	TEXT_OBSERVED	valine-citrulline cleavable linker (typical)	USAN_INN_NAMING_INFERENCE	PRESUMED_STRICT_ADC
ADC_CANDIDATE_ADC_SUFFIX_1a81094bebf4	ADC_CANDIDATE	sigvotatug vedotin		2023-08-25		2	clinicaltrials; conference_abstract_corpus	high	VALIDATED	sigvotatug vedotin				PHASE3	Carcinoma, Non-Small-Cell Lung; Carcinoma, Non-Small-Cell Lung (NSCLC); Non-Small Cell Lung Cancer	MMAE (monomethyl auristatin E)	USAN_INN_NAMING_INFERENCE	valine-citrulline cleavable linker (typical)	USAN_INN_NAMING_INFERENCE	PRESUMED_STRICT_ADC
ADC_CANDIDATE_ADC_SUFFIX_9feb2b8bd0bf	ADC_CANDIDATE	Zilovertamab vedotin		2022-06-01		1	clinicaltrials; conference_abstract_corpus	high	VALIDATED	Zilovertamab vedotin				PHASE2	B-cell Acute Lymphoblastic Leukemia; Burkitt Lymphoma; Diffuse Large B-cell Lymphoma; Ewing Sarcoma; Neuroblastoma	MMAE (monomethyl auristatin E)	TEXT_OBSERVED	valine-citrulline cleavable linker (typical)	USAN_INN_NAMING_INFERENCE	PRESUMED_STRICT_ADC
ADC_CANDIDATE_ADC_SUFFIX_d82b69ba971c	ADC_CANDIDATE	Raludotatug Deruxtecan		2024-06-01		1	clinicaltrials; conference_abstract_corpus	high	VALIDATED	Raludotatug Deruxtecan				PHASE2	Ovarian Cancer Recurrent	an exatecan derivative (topoisomerase-1 inhibitor)	TEXT_OBSERVED	cleavable GGFG peptide linker (typical)	USAN_INN_NAMING_INFERENCE	PRESUMED_STRICT_ADC
ADC_CANDIDATE_ADC_SUFFIX_e1a3cb555c56	ADC_CANDIDATE	bulumtatug fuvedotin		2025-04-03		1	clinicaltrials	high	VALIDATED	bulumtatug fuvedotin				PHASE1	Triple Negative Breast Cancer	MMAE (monomethyl auristatin E)	USAN_INN_NAMING_INFERENCE	valine-citrulline cleavable linker (typical)	USAN_INN_NAMING_INFERENCE	PRESUMED_STRICT_ADC
