entity_id	canonical_name	entity_type	synonyms	n_adc_backlinks	adc_backlink_names	adc_backlink_ids	source_url
TAR0OFMSA	40S ribosomal protein SA (RPSA)	ADC_TARGET	LAMBR; LAMR1; 37 kDa laminin receptor precursor;37/67 kDa laminin receptor;67 kDa laminin receptor;Colon carcinoma laminin-binding protein;Laminin receptor 1;Laminin-binding protein precursor p40;Multidrug resistance-associated protein MGr1-Ag;NEM/1CHD4;Small ribosomal subunit protein uS2	1	Anti-Laminin receptor monoclonal antibody-liposomal doxorubicin conjugate		https://adcdb.idrblab.net/data/abt/details/TAR0OFMSA
TAR0PPNOI	5'-nucleotidase (NT5E)	ADC_TARGET	NT5; NTE; 5'-deoxynucleotidase;Ecto-5'-nucleotidase;IMP-specific 5'-nucleotidase;Thymidylate 5'-phosphatase;CD_antigen=CD73	4		DRG0EZYUP; DRG0IOOGP; DRG0JKQOU; DRG0MSZBZ	https://adcdb.idrblab.net/data/abt/details/TAR0PPNOI
TAR0YLQCG	ADP-ribosyl cyclase/cyclic ADP-ribose hydrolase 1 (CD38)	ADC_TARGET	2'-phospho-ADP-ribosyl cyclase;2'-phospho-ADP-ribosyl cyclase/2'-phospho-cyclic-ADP-ribose transferase;2'-phospho-cyclic-ADP-ribose transferase;ADP-ribosyl cyclase 1;Cyclic ADP-ribose hydrolase 1;T10;CD_antigen=CD38	11		DRG0AFUPR; DRG0CPRLB; DRG0DXZEU; DRG0GDLEY; DRG0GEQGO; DRG0LDUSP; DRG0MGBXM; DRG0OGBCN; DRG0VUCWI; DRG0VYZQT; DRG0XXQVC	https://adcdb.idrblab.net/data/abt/details/TAR0YLQCG
TAR0VKQOZ	AF4/FMR2 family member 4 (AFF4)	ADC_TARGET	AF5Q31; MCEF; HSPC092; ALL1-fused gene from chromosome 5q31 protein;Major CDK9 elongation factor-associated protein	1	LCB-97		https://adcdb.idrblab.net/data/abt/details/TAR0VKQOZ
TAR0KWONZ	AG7	ADC_TARGET		2		DRG0BAANV; DRG0YKHCA	https://adcdb.idrblab.net/data/abt/details/TAR0KWONZ
TAR0RMVXR	ALK tyrosine kinase receptor (ALK)	ADC_TARGET	Anaplastic lymphoma kinase;CD_antigen=CD246	3	CDX-0125-TEI; DRG0AELSJ; DRG0WPASO		https://adcdb.idrblab.net/data/abt/details/TAR0RMVXR
TAR0YVQUD	AbGn-7 antigen	ADC_TARGET		1	AbGn-107		https://adcdb.idrblab.net/data/abt/details/TAR0YVQUD
TAR0PDIRR	Adhesion G-protein coupled receptor G1 (ADGRG1)	ADC_TARGET	G-protein coupled receptor 56;Protein TM7XN1	1	GPR56-ADC		https://adcdb.idrblab.net/data/abt/details/TAR0PDIRR
TAR0VAQEF	Advanced glycosylation end product-specific receptor (AGER)	ADC_TARGET	RAGE; Receptor for advanced glycosylation end products	1	RBGO1-mcF		https://adcdb.idrblab.net/data/abt/details/TAR0VAQEF
TAR0ZFUOH	Albumin (ALB)	ADC_TARGET		11	Alb-DMBA-SIL-DOX; Alb-DMBA-SIL-MMAE; DRG0EFMTL; DRG0HYIPN; DRG0QRDCA; DRG0VAGBP; DRG0VXVBG; DRG0VZKXL; DRG0WGUEL; DRG0WIAAS; DRG0WRQRY		https://adcdb.idrblab.net/data/abt/details/TAR0ZFUOH
TAR0YDDCE	Alkaline phosphatase, germ cell type (ALPG); Alkaline phosphatase, placental type (ALPP)	ADC_TARGET		1		DRG0PLPNX	https://adcdb.idrblab.net/data/abt/details/TAR0YDDCE
TAR0OCELX	Alkaline phosphatase, germ cell type (ALPG)	ADC_TARGET	ALP-1;Alkaline phosphatase Nagao isozyme;Alkaline phosphatase, placental-like;Germ cell alkaline phosphatase;Placental alkaline phosphatase-like	2	M25ADCMMAE; M25ADCMMAF		https://adcdb.idrblab.net/data/abt/details/TAR0OCELX
TAR0GODDK	Alpha-N-acetylneuraminide alpha-2,8-sialyltransferase (ST8SIA1)	ADC_TARGET		1	PF-06688992		https://adcdb.idrblab.net/data/abt/details/TAR0GODDK
TAR0YXJAE	Amino acid transporter (ASCT2)	ADC_TARGET		7	DRG0EPZKH; DRG0FEAKX; DRG0JNJQT; DRG0KZHJX; DRG0OFYSG; DRG0UXHIX; MEDI7247		https://adcdb.idrblab.net/data/abt/details/TAR0YXJAE
TAR0ZCIPA	Aminopeptidase N (ANPEP)	ADC_TARGET	APN; CD13; PEPN; Alanyl aminopeptidase;Aminopeptidase M;Microsomal aminopeptidase;Myeloid plasma membrane glycoprotein CD13;gp150;CD_antigen=CD13	1	MI-130110		https://adcdb.idrblab.net/data/abt/details/TAR0ZCIPA
TAR0HXNLQ	Amphiregulin (AREG)	ADC_TARGET	Colorectum cell-derived growth factor	1	GMF-1A3-MMAE		https://adcdb.idrblab.net/data/abt/details/TAR0HXNLQ
TAR0CCDQN	Amyloid beta precursor like protein 2 (APLP2); Receptor tyrosine-protein kinase erbB-2 (ERBB2)	ADC_TARGET		1	APLP2/HER2 antibody-drug conjugate		https://adcdb.idrblab.net/data/abt/details/TAR0CCDQN
TAR0YJEGU	Anoctamin-1 (ANO1)	ADC_TARGET	Discovered on gastrointestinal stromal tumors protein 1; Oral cancer overexpressed protein 2; Transmembrane protein 16A; Tumor-amplified and overexpressed sequence 2	1	Anti-DOG1-DM4-ADC		https://adcdb.idrblab.net/data/abt/details/TAR0YJEGU
TAR0YXUAF	Anthrax toxin receptor 1 (ANTXR1)	ADC_TARGET	Tumor endothelial marker 8	1	BVD-TEM8 ADC		https://adcdb.idrblab.net/data/abt/details/TAR0YXUAF
TAR0DQHIR	Anthrax toxin receptor 2 (ANTXR2)	ADC_TARGET	Capillary morphogenesis gene 2 protein	1	H8R23-DT3C		https://adcdb.idrblab.net/data/abt/details/TAR0DQHIR
TAR0XXLLG	Apolipoprotein D (APOD)	ADC_TARGET		1	Anti-ApoD PBD		https://adcdb.idrblab.net/data/abt/details/TAR0XXLLG
TAR0SNDDA	Asialoglycoprotein receptor 1 (ASGR1)	ADC_TARGET	CLEC4H1; C-type lectin domain family 4 member H1;Hepatic lectin H1	2		DRG0EGZQD; DRG0FOESY	https://adcdb.idrblab.net/data/abt/details/TAR0SNDDA
TAR0RTOLA	Aspartyl/asparaginyl beta-hydroxylase (ASPH)	ADC_TARGET	BAH; Aspartate beta-hydroxylase;Peptide-aspartate beta-dioxygenase	4	DRG0BPDAE; SNS-622-DM1; SNS-622-DUO; SNS-622-MMAE		https://adcdb.idrblab.net/data/abt/details/TAR0RTOLA
TAR0KZVDX	B-cell antigen receptor complex-associated protein beta chain (CD79B)	ADC_TARGET	B29; IGB; B-cell-specific glycoprotein B29;Ig-beta;Immunoglobulin-associated B29 protein;CD_antigen=CD79b	32		DRG0AEDQO; DRG0AZRNL; DRG0BLBXJ; DRG0BUMOY; DRG0DAUKA; DRG0DXTSZ; DRG0FMPLP; DRG0FUAMG; DRG0GENGQ; DRG0GEOJG; DRG0GHMXV; DRG0HCLXN; DRG0HHXSQ; DRG0HJTDJ; DRG0IOEVI; DRG0JHCAK; DRG0JNSNG; DRG0NDOBI; DRG0NESBF; DRG0OLXNM; DRG0PILJC; DRG0QARSL; DRG0QLVVC; DRG0QWZIT; DRG0RTQFI; DRG0UIRER; DRG0URTCC; DRG0VKIMH; DRG0WFEII; DRG0WPFIV	https://adcdb.idrblab.net/data/abt/details/TAR0KZVDX
TAR0XTCGM	B-cell receptor CD22 (CD22)	ADC_TARGET	B-lymphocyte cell adhesion molecule;Sialic acid-binding Ig-like lectin 2;T-cell surface antigen Leu-14;CD_antigen=CD22	132		DRG0AAUKK; DRG0ABPLD; DRG0AITIG; DRG0ALYXS; DRG0BDIBY; DRG0BFRJD; DRG0BJJIB; DRG0BJXEL; DRG0BNMEY; DRG0CAEJO; DRG0CEGFN; DRG0CFANJ; DRG0CLZRU; DRG0CYKHH; DRG0DBGQV; DRG0DGHXV; DRG0DLTMU; DRG0DMAAP; DRG0DMLTE; DRG0DNOEM; DRG0DONLS; DRG0DPSFY; DRG0DVAWC; DRG0EKVAD; DRG0EXQEE; DRG0EYPZD; DRG0EZFBM; DRG0EZRLB; DRG0FATES; DRG0FGVRS	https://adcdb.idrblab.net/data/abt/details/TAR0XTCGM
TAR0HWXDI	B-lymphocyte antigen CD19 (CD19); T-cell surface glycoprotein CD3 delta chain (CD3D)	ADC_TARGET		23		DRG0BWUIB; DRG0CKMTA; DRG0DCLTW; DRG0EHATY; DRG0EZQQY; DRG0FGCBE; DRG0FYFYU; DRG0HGVZF; DRG0HKCRZ; DRG0KJXCN; DRG0LAEHS; DRG0OZGNQ; DRG0PEKEP; DRG0PZCVU; DRG0QBMXO; DRG0RRFSP; DRG0SBYGM; DRG0SRCJP; DRG0SXBSH; DRG0TUBQF; DRG0WMWIB; DRG0XUNAD; DRG0YFZRM	https://adcdb.idrblab.net/data/abt/details/TAR0HWXDI
TAR0EBTXG	B-lymphocyte antigen CD19 (CD19)	ADC_TARGET	B-lymphocyte surface antigen B4; Differentiation antigen CD19;T-cell surface antigen Leu-12;CD_antigen=CD19	184		DRG0ACJDV; DRG0ADDPD; DRG0AHNXQ; DRG0BMCGR; DRG0BQBRZ; DRG0BQFOR; DRG0BWOTU; DRG0CBOPP; DRG0CDFYE; DRG0CGRZF; DRG0CMIBA; DRG0CMIZW; DRG0CNAHG; DRG0COITQ; DRG0CQFUG; DRG0CSSXE; DRG0CWBKD; DRG0DCZWJ; DRG0DDMBM; DRG0DFPAH; DRG0DMTTD; DRG0DOFKJ; DRG0DPHYA; DRG0DRHDQ; DRG0DXVZG; DRG0DYEUX; DRG0DZPLK; DRG0EEMCC; DRG0EJNAI; DRG0EQXVP	https://adcdb.idrblab.net/data/abt/details/TAR0EBTXG
TAR0BKUOF	B-lymphocyte antigen CD20 (MS4A1)	ADC_TARGET	CD20; B-lymphocyte surface antigen B1;Bp35;Leukocyte surface antigen Leu-16;Membrane-spanning 4-domains subfamily A member 1;CD_antigen=CD20	127		DRG0AGEUP; DRG0AIRAP; DRG0AMXWN; DRG0AWCPR; DRG0AWIUS; DRG0AWNJX; DRG0AZKUN; DRG0BBPEH; DRG0BNPWM; DRG0BTAHY; DRG0BUUHI; DRG0BXANZ; DRG0BXRDQ; DRG0CJTUL; DRG0CNHKN; DRG0CTSSW; DRG0CWCPJ; DRG0DBGRZ; DRG0EOUKY; DRG0EXBBJ; DRG0FCEEW; DRG0FCMNB; DRG0FEPUX; DRG0FLQRW; DRG0FWRLL; DRG0GBFHQ; DRG0GFDCJ; DRG0GGSNS; DRG0GMDPH; DRG0HAPKJ	https://adcdb.idrblab.net/data/abt/details/TAR0BKUOF
TAR0PTTPV	BDNF/NT-3 growth factors receptor (NTRK2)	ADC_TARGET	TRKB; GP145-TrkB;Neurotrophic tyrosine kinase receptor type 2;TrkB tyrosine kinase;Tropomyosin-related kinase B	2	Anti-TrkB DVD-ADC; Anti-TrkB mAb 641 ADC		https://adcdb.idrblab.net/data/abt/details/TAR0PTTPV
TAR0EMQFD	Basigin (BSG)	ADC_TARGET	5F7;Collagenase stimulatory factor;Extracellular matrix metalloproteinase inducer;Hepatoma-associated antigen;Leukocyte activation antigen M6;OK blood group antigen;Tumor cell-derived collagenase stimulatory factor;CD_antigen=CD147	2		DRG0DPCBX; DRG0PFQKN	https://adcdb.idrblab.net/data/abt/details/TAR0EMQFD
TAR0INITZ	Beta-2-microglobulin (B2M)	ADC_TARGET		1	B2M-duocarmycin ADC		https://adcdb.idrblab.net/data/abt/details/TAR0INITZ
TAR0QMHZX	C-C chemokine receptor type 2 (CCR2)	ADC_TARGET	CMKBR2; Monocyte chemoattractant protein 1 receptor;CD_antigen=CD192	1		DRG0BGJNX	https://adcdb.idrblab.net/data/abt/details/TAR0QMHZX
TAR0ZYPEF	C-C chemokine receptor type 7 (CCR7)	ADC_TARGET	CMKBR7; EBI1; EVI1; BLR2;CDw197;Epstein-Barr virus-induced G-protein coupled receptor 1;MIP-3 beta receptor;CD_antigen=CD197	23		DRG0AYBZL; DRG0BDNBX; DRG0BKNDK; DRG0CDFXZ; DRG0DSGZM; DRG0GRISM; DRG0GWLKW; DRG0KVMMY; DRG0NOLWL; DRG0NQBKO; DRG0NVLCZ; DRG0NZTPN; DRG0ODENE; DRG0OKKHM; DRG0PTAOO; DRG0QHRXJ; DRG0QLGUZ; DRG0SNVBZ; DRG0UJXBI; DRG0UUDTL; DRG0WNPGA; DRG0WXNKG; DRG0YEXIY	https://adcdb.idrblab.net/data/abt/details/TAR0ZYPEF
TAR0SBVOW	C-C motif chemokine 1 (CCL1)	ADC_TARGET	SCYA1; Small-inducible cytokine A1; T lymphocyte-secreted protein I-309	2	CLL1-5 ADC; CLL1-6 ADC		https://adcdb.idrblab.net/data/abt/details/TAR0SBVOW
TAR0DQWRU	C-X-C chemokine receptor type 4 (CXCR4)	ADC_TARGET	FB22;Fusin;HM89;LCR1;Leukocyte-derived seven transmembrane domain receptor;Lipopolysaccharide-associated protein 3;NPYRL;Stromal cell-derived factor 1 receptor;CD_antigen=CD184	44	12A11-TG6-vcMMAD; 3G10-TG6-vc0101; 3G10-TG6-vcMMAD; 6B6-TG6-vc0101; 6B6-TG6-vcMMAD; Anti-CXCR4 ADC 381; Anti-CXCR4 ADC 510; Anti-CXCR4 ADC 513; Anti-CXCR4 ADC 518; Anti-CXCR4 ADC 519; Anti-CXCR4 ADC 553; Anti-CXCR4 ADC 554; Anti-CXCR4 ADC 555; Anti-CXCR4 ADC 556; Anti-CXCR4 ADC 669; Anti-CXCR4 ADC 670; Anti-CXCR4 ADC 671; Anti-CXCR4 ADC 672; Anti-CXCR4 ADC 711; Anti-CXCR4 ADC 712; Anti-CXCR4 ADC 713; Anti-CXCR4 ADC 714; DRG0POFNN; DRG0RPPIJ; h3G10.1.91-h3G10.2.72 vc0101; h3G10.1.91-h3G10.2.72 vcMMAD; h3G10.1.91-h3G10.A58 vc0101; h3G10.1.91-h3G10.A58 vcMMAD; h3G10.2.37-h3G10.2.72 vc0101; h3G10.2.37-h3G10.2.72 vcMMAD		https://adcdb.idrblab.net/data/abt/details/TAR0DQWRU
TAR0EPIEB	C-X-C chemokine receptor type 5 (CXCR5)	ADC_TARGET	BLR1; MDR15; Burkitt lymphoma receptor 1;Monocyte-derived receptor 15;CD_antigen=CD185	2	BAY-924; DRG0QJJRS		https://adcdb.idrblab.net/data/abt/details/TAR0EPIEB
TAR0FZYGA	C-type lectin domain family 12 member A (CLEC12A)	ADC_TARGET	CLL1; DCAL2; MICL; C-type lectin-like molecule 1;Dendritic cell-associated lectin 2;Myeloid inhibitory C-type lectin-like receptor;CD_antigen=CD371	3	Anti-CLL-1-ds-PBD; CLL1-ADC; DCLL9718S		https://adcdb.idrblab.net/data/abt/details/TAR0FZYGA
TAR0KFMNY	C-type lectin domain family 4 member C (CLEC4C)	ADC_TARGET	BDCA2; CLECSF11; CLECSF7; DLEC; HECL; Blood dendritic cell antigen 2;C-type lectin superfamily member 7;Dendritic lectin;CD_antigen=CD303	1	DB-2304		https://adcdb.idrblab.net/data/abt/details/TAR0KFMNY
TAR0KQVKE	C-type lectin domain family 7 member A (CLEC7A)	ADC_TARGET	Beta-glucan receptor;C-type lectin superfamily member 12;Dendritic cell-associated C-type lectin 1;CD_antigen=CD369	1	Alpha-human dectin-1-pam3 conjugate		https://adcdb.idrblab.net/data/abt/details/TAR0KQVKE
TAR0PJCWM	C-type mannose receptor 2 (MRC2)	ADC_TARGET	CLEC13E; ENDO180; KIAA0709; UPARAP; C-type lectin domain family 13 member E; Endocytic receptor 180; Macrophage mannose receptor 2; Urokinase-type plasminogen activator receptor-associated protein; CD_antigen=CD280	1	A5/158-vc-MMAE		https://adcdb.idrblab.net/data/abt/details/TAR0PJCWM
TAR0OIMZX	CAMPATH-1 antigen (CD52)	ADC_TARGET	CDW52; HE5; CDw52; Cambridge pathology 1 antigen; Epididymal secretory protein E5; Human epididymis-specific protein 5; CD_antigen=CD52	29	12G6 N297Q/S298N/Y300S-Mc-Val-Cit-PABC-MMAE; 12G6 S298N/T299A/Y300S-Mc-Val-Cit-PABC-MMAE; 12G6 S298N/Y300S-Mc-Val-Cit-PABC-MMAE; 12G6 WT-Mc-Val-Cit-PABC-MMAE; 2C3 A114N-Mc-Val-Cit-PABC-MMAE; 2C3 NGT-Mc-Val-Cit-PABC-MMAE; 2C3 S298N Y300S-Mc-Val-Cit-PABC-MMAE; 2C3 S440N-Mc-Val-Cit-PABC-MMAE; 2C3 S442N-Mc-Val-Cit-PABC-MMAE; 2C3 WT-Mc-Val-Cit-PABC-MMAE; 2C3 Y436S-Mc-Val-Cit-PABC-MMAE; Alemtuzumab-Compound 17; Alemtuzumab-Compound 25; Alemtuzumab-Compound 31; Alemtuzumab-Compound 36; Alemtuzumab-Compound 43; Alemtuzumab-Compound 49; Alemtuzumab-Compound 55; Alemtuzumab-Compound 59; Alemtuzumab-Compound 64; Alemtuzumab-Compound 69; Alemtuzumab-Compound 74; Alemtuzumab-Compound 75; Alemtuzumab-Compound 76; Alemtuzumab-Compound 77; Alemtuzumab-Compound 78; Alemtuzumab-Compound 79; Alemtuzumab-Compound 80; Alemtuzumab-Compound 9		https://adcdb.idrblab.net/data/abt/details/TAR0OIMZX
TAR0UPRHI	CD166 antigen (ALCAM)	ADC_TARGET	MEMD; Activated leukocyte cell adhesion molecule;CD_antigen=CD166	1		DRG0QTTWI	https://adcdb.idrblab.net/data/abt/details/TAR0UPRHI
TAR0DQDFY	CD276 antigen (CD276); Hepatocyte growth factor receptor (MET)	ADC_TARGET		19	7MW-3711; BAT8009; BB-1712; BGB-C354; DB-1311; DRG0AXHFL; DRG0RXCKA; DRG0VRINO; DRG0XIABR; HS-20093; ICP-B794; ILB-3101; ITC-6146RO; Ifinatamab deruxtecan; MGC026; MHB-088C; Mirzotamab clezutoclax; Vobramitamab duocarmazine; YL-201		https://adcdb.idrblab.net/data/abt/details/TAR0DQDFY
TAR0YDDCX	CD276 antigen (CD276); Programmed cell death 1 ligand 1 (CD274)	ADC_TARGET		1	DB-1419		https://adcdb.idrblab.net/data/abt/details/TAR0YDDCX
TAR0GLSWQ	CD276 antigen (CD276)	ADC_TARGET	B7H3; PSEC0249; UNQ309; PRO352; 4Ig-B7-H3;B7 homolog 3;Costimulatory molecule;CD_antigen=CD276	286		DRG0AEKGZ; DRG0AHLGV; DRG0AKJZA; DRG0AMBTD; DRG0AMSYG; DRG0AQORB; DRG0ARIXM; DRG0AVZZX; DRG0AWLEK; DRG0BDVKC; DRG0BFWCL; DRG0BKXLI; DRG0BOYYY; DRG0BPIAV; DRG0BRISR; DRG0BSXLS; DRG0BYHEB; DRG0BYIAX; DRG0BZKNQ; DRG0CAWIM; DRG0CFGDY; DRG0CFRYZ; DRG0CHCIE; DRG0CHPDV; DRG0CJOJO; DRG0CKJBU; DRG0CLNIN; DRG0CMHLG; DRG0CNLPQ; DRG0CQNSX	https://adcdb.idrblab.net/data/abt/details/TAR0GLSWQ
TAR0HVSDS	CD276 antigen; Epidermal growth factor receptor (EGFR)	ADC_TARGET		3	DRG0ZLYPK; IBI-3001; TJ101		https://adcdb.idrblab.net/data/abt/details/TAR0HVSDS
TAR0OSNCH	CD276 antigen; Glutamate carboxypeptidase 2 (FOLH1)	ADC_TARGET		3	DRG0FNAFQ; DXC-014; GenSci143		https://adcdb.idrblab.net/data/abt/details/TAR0OSNCH
TAR0HBKUL	CD276 antigen; Inactive tyrosine-protein kinase 7 (PTK7)	ADC_TARGET		1	BCG034		https://adcdb.idrblab.net/data/abt/details/TAR0HBKUL
TAR0LACGV	CD276 antigen; Programmed cell death 1 ligand 1 (CD274)	ADC_TARGET		1	DB-1419		https://adcdb.idrblab.net/data/abt/details/TAR0LACGV
TAR0JNOKW	CD44 antigen (CD44)	ADC_TARGET		28	Bivatuzumab mertansine; DRG0ALMJS; DRG0BJVBS; DRG0BWJRS; DRG0DALSM; DRG0DALSX; DRG0FATXO; DRG0FGHXO; DRG0FUUUT; DRG0GIVMN; DRG0GJKMP; DRG0IIYKC; DRG0IQIMS; DRG0IVTDI; DRG0IWYSU; DRG0JBYQU; DRG0JGPVZ; DRG0KNJWR; DRG0KRZEK; DRG0NNEGL; DRG0NWXZC; DRG0PVXXI; DRG0SUYMP; DRG0UAWMV; DRG0URWNX; DRG0WAYCG; DRG0WYNCQ; DRG0YLNBD		https://adcdb.idrblab.net/data/abt/details/TAR0JNOKW
TAR0JNOKWK	CD44 antigen (CD44)	ADC_TARGET	LHR; MDU2; MDU3; MIC4; CDw44;Epican;Extracellular matrix receptor III;GP90 lymphocyte homing/adhesion receptor;HUTCH-I;Heparan sulfate proteoglycan;Hermes antigen;Hyaluronate receptor;Phagocytic glycoprotein 1;Phagocytic glycoprotein I;CD_antigen=CD44	1		DRG0BBYHA	https://adcdb.idrblab.net/data/abt/details/TAR0JNOKWK
TAR0JNOKO	CD44 antigen variant 9 (CD44v9)	ADC_TARGET	LHRv9; MDU2v9; MDU3v9; MIC4v9; CDw44v9;Epicanv9;Extracellular matrix receptor IIIv9;GP90 lymphocyte homing/adhesion receptor v9;HUTCH-I v9;Heparan sulfate proteoglycan v9;Hermes antigen v9;Hyaluronate receptor v;Phagocytic glycoprotein 1 v9;Phagocytic glycoprotein I v9;CD_antigen=CD44 v9	1	AMT-116		https://adcdb.idrblab.net/data/abt/details/TAR0JNOKO
TAR0KRCZB	CD44v9	ADC_TARGET		1	AMT-116		https://adcdb.idrblab.net/data/abt/details/TAR0KRCZB
TAR0YEHBY	CD48 antigen (CD48)	ADC_TARGET	BCM1; BLAST1; B-lymphocyte activation marker BLAST-1;BCM1 surface antigen;Leukocyte antigen MEM-102;SLAM family member 2;Signaling lymphocytic activation molecule 2;TCT.1;CD_antigen=CD48	1		DRG0NMCNN	https://adcdb.idrblab.net/data/abt/details/TAR0YEHBY
TAR0RPVKX	CD59 glycoprotein (CD59)	ADC_TARGET	MIC11; MIN1; MIN2; MIN3; MSK21; 1F5 antigen; 20 kDa homologous restriction factor; MAC-inhibitory protein; MEM43 antigen; Membrane attack complex inhibition factor; Membrane inhibitor of reactive lysis; Protectin; CD_antigen=CD59	18	Anti-CD59 mAb-Compound 17; Anti-CD59 mAb-Compound 25; Anti-CD59 mAb-Compound 31; Anti-CD59 mAb-Compound 36; Anti-CD59 mAb-Compound 43; Anti-CD59 mAb-Compound 49; Anti-CD59 mAb-Compound 55; Anti-CD59 mAb-Compound 59; Anti-CD59 mAb-Compound 64; Anti-CD59 mAb-Compound 69; Anti-CD59 mAb-Compound 74; Anti-CD59 mAb-Compound 75; Anti-CD59 mAb-Compound 76; Anti-CD59 mAb-Compound 77; Anti-CD59 mAb-Compound 78; Anti-CD59 mAb-Compound 79; Anti-CD59 mAb-Compound 80; Anti-CD59 mAb-Compound 9		https://adcdb.idrblab.net/data/abt/details/TAR0RPVKX
TAR0KPFBI	CD70 antigen (CD70)	ADC_TARGET	CD27L; CD27LG; TNFSF7; CD27 ligand;Tumor necrosis factor ligand superfamily member 7;CD_antigen=CD70	189		DRG0AHNXQ; DRG0AOXKY; DRG0APNOT; DRG0ASZQJ; DRG0BKQBT; DRG0BQBRZ; DRG0BQFOR; DRG0BVIPV; DRG0BWCTV; DRG0BWOTU; DRG0CCZUI; DRG0CDFYE; DRG0CGKQT; DRG0CGRZF; DRG0CJKNB; DRG0CNAHG; DRG0COITQ; DRG0CPWIZ; DRG0CRUZX; DRG0CSSXE; DRG0CWBKD; DRG0DCZWJ; DRG0DDIJU; DRG0DEARE; DRG0DELXO; DRG0DMTTD; DRG0DOFKJ; DRG0DPHYA; DRG0DQZFW; DRG0DXVZG	https://adcdb.idrblab.net/data/abt/details/TAR0KPFBI
TAR0ESQBL	CD99 antigen (CD99)	ADC_TARGET	MIC2; MIC2X; MIC2Y; 12E7;E2 antigen;Protein MIC2;T-cell surface glycoprotein E2;CD_antigen=CD99	2		DRG0MBRPM; DRG0QOWCK	https://adcdb.idrblab.net/data/abt/details/TAR0ESQBL
TAR0NNZOK	CLL-1	ADC_TARGET		1	RG6109		https://adcdb.idrblab.net/data/abt/details/TAR0NNZOK
TAR0QJKRF	CUB domain-containing protein 1 (CDCP1)	ADC_TARGET	TRASK; UNQ2486; PRO5773; Membrane glycoprotein gp140;Subtractive immunization M plus HEp3-associated 135 kDa protein;Transmembrane and associated with src kinases;CD_antigen=CD318	2	10D7-MMAE; H14A043-ATAC		https://adcdb.idrblab.net/data/abt/details/TAR0QJKRF
TAR0PQIJF	Cadherin-17 (CDH17)	ADC_TARGET	Intestinal peptide-associated transporter HPT-1;Liver-intestine cadherin	5		DRG0CIZWI; DRG0HQVXQ; DRG0LBQXO; DRG0NIQTT; DRG0NRRBO	https://adcdb.idrblab.net/data/abt/details/TAR0PQIJF
TAR0NUXWI	Cadherin-3 (CDH3)	ADC_TARGET	CDHP; Placental cadherin	3		DRG0JNZLF; DRG0VNMKF; DRG0WWBVZ	https://adcdb.idrblab.net/data/abt/details/TAR0NUXWI
TAR0SOZLV	Cadherin-6 (CDH6)	ADC_TARGET	Kidney cadherin	13		DRG0AKFYV; DRG0BWNUI; DRG0CRDKL; DRG0DOTIX; DRG0EFAMN; DRG0MBYJG; DRG0SLFJV; DRG0SOAPH; DRG0UZQBB; DRG0VOIMW; DRG0XGLSR; DRG0YWAHM; DRG0ZBRFQ	https://adcdb.idrblab.net/data/abt/details/TAR0SOZLV
TAR0VNYPU	Carbonic anhydrase 6 (CA6)	ADC_TARGET	Carbonate dehydratase VI;Carbonic anhydrase VI;Salivary carbonic anhydrase;Secreted carbonic anhydrase	1		DRG0GZGHN	https://adcdb.idrblab.net/data/abt/details/TAR0VNYPU
TAR0CZOZP	Carbonic anhydrase 9 (CA9)	ADC_TARGET	G250; MN; Carbonate dehydratase IX;Carbonic anhydrase IX;Membrane antigen MN;P54/58N;Renal cell carcinoma-associated antigen G250;pMW1	1	BAY79-4620		https://adcdb.idrblab.net/data/abt/details/TAR0CZOZP
TAR0LZKYJ	Carcinoembryonic antigen-related cell adhesion molecule 5 (CEACAM5); Carcinoembryonic antigen-related cell adhesion molecule 6 (CEACAM6)	ADC_TARGET		2		DRG0EOVVI; DRG0QBQKB	https://adcdb.idrblab.net/data/abt/details/TAR0LZKYJ
TAR0MKNCY	Carcinoembryonic antigen-related cell adhesion molecule 5 (CEACAM5)	ADC_TARGET	CEA; Carcinoembryonic antigen;Meconium antigen 100;CD_antigen=CD66e	10		DRG0ALLLF; DRG0ELYWP; DRG0JBKMD; DRG0LGTWF; DRG0MAFFO; DRG0QGQWG; DRG0QITMW; DRG0VIUMF; DRG0XNZXI; DRG0ZTOWU	https://adcdb.idrblab.net/data/abt/details/TAR0MKNCY
TAR0RCSUJ	Cathepsin D (CTSD)	ADC_TARGET	CPSD	2	IMB-101; IMB-102		https://adcdb.idrblab.net/data/abt/details/TAR0RCSUJ
TAR0YDDCI	Cell surface glycoprotein MUC18 (MCAM)	ADC_TARGET	Cell surface glycoprotein P1H12; Melanoma cell adhesion molecule; Melanoma-associated antigen A32; Melanoma-associated antigen MUC18; S-endo 1 endothelial-associated antigen; CD146; MUC18; MCAM	1	AMT-253		https://adcdb.idrblab.net/data/abt/details/TAR0YDDCI
TAR0DCTSO	Cell surface protein 1 (CSP-1)	ADC_TARGET		1		DRG0JVDPQ	https://adcdb.idrblab.net/data/abt/details/TAR0DCTSO
TAR0NTSJM	Cellular tumor antigen p53 (TP53)	ADC_TARGET		2	DRG0PYXMD; PNU-159682-P1C1TM		https://adcdb.idrblab.net/data/abt/details/TAR0NTSJM
TAR0QEWGD	Choline transporter-like protein 4 (SLC44A4)	ADC_TARGET	Solute carrier family 44 member 4;Thiamine pyrophosphate transporter 1	1	ASG-5ME		https://adcdb.idrblab.net/data/abt/details/TAR0QEWGD
TAR0OUVMC	Claudin-1 (CLDN1)	ADC_TARGET	CLD1; SEMP1; Senescence-associated epithelial membrane protein	2	CLDN1 ADC; DRG0JFRFY		https://adcdb.idrblab.net/data/abt/details/TAR0OUVMC
TAR0IBZAS	Claudin-18.2 (CLDN18.2)	ADC_TARGET		36		DRG0BCSND; DRG0BGTSR; DRG0BWWWF; DRG0CAEXH; DRG0CKSWS; DRG0DFXLU; DRG0DJFNE; DRG0DVBWQ; DRG0DWUQL; DRG0FGLFW; DRG0FKZGF; DRG0GCCJJ; DRG0HBGGX; DRG0HTJXN; DRG0JPUVD; DRG0KPUHG; DRG0LSXKR; DRG0OMIWX; DRG0PRLYC; DRG0PVAIN; DRG0RCHSE; DRG0RLKMU; DRG0RMWCH; DRG0UUOGO; DRG0UWYGQ; DRG0VXYLW; DRG0WMWEQ; DRG0XAFHX; DRG0XDJHA; DRG0XFQVE	https://adcdb.idrblab.net/data/abt/details/TAR0IBZAS
TAR0RYGBQ	Claudin-6 (CLDN6); Claudin-9 (CLDN9)	ADC_TARGET		1	SC-004		https://adcdb.idrblab.net/data/abt/details/TAR0RYGBQ
TAR0UDQEU	Claudin-6 (CLDN6)	ADC_TARGET	Skullin	4		DRG0HONIM; DRG0JXYIZ; DRG0KYOBC; DRG0TOMLD	https://adcdb.idrblab.net/data/abt/details/TAR0UDQEU
TAR0ROZDZ	Collectin-10 (COLEC10)	ADC_TARGET	CLL1; UNQ366; PRO702; Collectin liver protein 1;Collectin-34	2	DAR2-ARC-ADC; DAR4-ARC-ADC		https://adcdb.idrblab.net/data/abt/details/TAR0ROZDZ
TAR0GORST	Cytotoxic T-lymphocyte protein 4 (CTLA4)	ADC_TARGET	CD152; Cytotoxic T-lymphocyte-associated antigen 4;CD_antigen=CD152	21	CTLA4-IR700; DRG0MPXHJ; DRG0WMDTB; Ipilimumab-Compound 17; Ipilimumab-Compound 25; Ipilimumab-Compound 31; Ipilimumab-Compound 36; Ipilimumab-Compound 43; Ipilimumab-Compound 49; Ipilimumab-Compound 55; Ipilimumab-Compound 59; Ipilimumab-Compound 64; Ipilimumab-Compound 69; Ipilimumab-Compound 74; Ipilimumab-Compound 75; Ipilimumab-Compound 76; Ipilimumab-Compound 77; Ipilimumab-Compound 78; Ipilimumab-Compound 79; Ipilimumab-Compound 80; Ipilimumab-Compound 9		https://adcdb.idrblab.net/data/abt/details/TAR0GORST
TAR0HELFC	Delta-like protein 3 (DLL3)	ADC_TARGET	Drosophila Delta homolog 3	466		DRG0ABVIR; DRG0ADPKB; DRG0AHUQA; DRG0AIOKX; DRG0AIRCI; DRG0AJGCM; DRG0AJHLF; DRG0AKLMI; DRG0ALQJQ; DRG0ANANO; DRG0ANTCA; DRG0AOACQ; DRG0APJSV; DRG0ASKVB; DRG0AVSGQ; DRG0AXHFO; DRG0AZCNV; DRG0BCRWB; DRG0BGCEX; DRG0BILSR; DRG0BLMRR; DRG0BMEAC; DRG0BNQUU; DRG0BNSTZ; DRG0BORQI; DRG0BRNUJ; DRG0BXVIV; DRG0BZEFT; DRG0BZSXZ; DRG0BZYGJ	https://adcdb.idrblab.net/data/abt/details/TAR0HELFC
TAR0PXBRT	Delta-like protein 4 (DLL4)	ADC_TARGET	Drosophila Delta homolog 4	5	H3L2-mpeoDM1; TH2-mpeoDM1; THL4-mpeoDM1; THL4-vcMMAE; TL2-mpeoDM1		https://adcdb.idrblab.net/data/abt/details/TAR0PXBRT
TAR0XXQUD	Dipeptidase 3 (DPEP3)	ADC_TARGET		1		DRG0RZJIL	https://adcdb.idrblab.net/data/abt/details/TAR0XXQUD
TAR0ZEXYE	Dipeptidyl peptidase 4 (DPP4)	ADC_TARGET	ADCP2; CD26; ADABP; Adenosine deaminase complexing protein 2; Dipeptidyl peptidase IV; T-cell activation antigen CD26; TP103; CD_antigen=CD26	5		DRG0MYPUV; DRG0PPLJW; DRG0WCRGI; DRG0WZNFG; DRG0XAMIX	https://adcdb.idrblab.net/data/abt/details/TAR0ZEXYE
TAR0DMCMD	Disintegrin and metalloproteinase domain-containing protein 9 (ADAM9)	ADC_TARGET	KIAA0021; MCMP; MDC9; MLTNG; Cellular disintegrin-related protein;Meltrin-gamma;Metalloprotease/disintegrin/cysteine-rich protein 9;Myeloma cell metalloproteinase	3		DRG0ASYKZ; DRG0BVZGV; DRG0RMBUN	https://adcdb.idrblab.net/data/abt/details/TAR0DMCMD
TAR0VFVMQ	Double homeobox protein 4 (DUX4)	ADC_TARGET	DUX10; Double homeobox protein 10	1		DRG0NDSLT	https://adcdb.idrblab.net/data/abt/details/TAR0VFVMQ
TAR0ZHBGT	Dystrophin (DMD)	ADC_TARGET		1		DRG0TMDKY	https://adcdb.idrblab.net/data/abt/details/TAR0ZHBGT
TAR0IVFDY	E3 ubiquitin-protein ligase RNF43 (RNF43)	ADC_TARGET	RING finger protein 43;RING-type E3 ubiquitin transferase RNF43	1		DRG0XLSWN	https://adcdb.idrblab.net/data/abt/details/TAR0IVFDY
TAR0MQZGA	EDB-FN	ADC_TARGET		1	Micvotabart pelidotin		https://adcdb.idrblab.net/data/abt/details/TAR0MQZGA
TAR0BFBYN	ETB	ADC_TARGET		1	RG7636		https://adcdb.idrblab.net/data/abt/details/TAR0BFBYN
TAR0WNOAJ	Ectonucleotide pyrophosphatase/phosphodiesterase family member 1 (ENPP1)	ADC_TARGET	Membrane component chromosome 6 surface marker 1; Phosphodiesterase I/nucleotide pyrophosphatase 1; Plasma-cell membrane glycoprotein PC-1	2	MMAE-IgG1 17; MMAE-IgG1 3G12		https://adcdb.idrblab.net/data/abt/details/TAR0WNOAJ
TAR0SJQDK	Ectonucleotide pyrophosphatase/phosphodiesterase family member 3 (ENPP3)	ADC_TARGET	PDNP3; Phosphodiesterase I beta;Phosphodiesterase I/nucleotide pyrophosphatase 3;CD_antigen=CD203c	1		DRG0QRDUT	https://adcdb.idrblab.net/data/abt/details/TAR0SJQDK
TAR0JWSNY	Endoglin (ENG)	ADC_TARGET	END; CD_antigen=CD105	7	DRG0GBPTW; DRG0KDHYP; DRG0RZQCB; DRG0STKIJ; HuRH105-SMCC-DM1; HuRH105-SSPDB-DM4; OMTX-503		https://adcdb.idrblab.net/data/abt/details/TAR0JWSNY
TAR0OUZAI	Endoplasmic reticulum chaperone BiP (HSPA5)	ADC_TARGET	78 kDa glucose-regulated protein;Binding-immunoglobulin protein; Heat shock protein 70 family protein 5; Heat shock protein family A member 5;Immunoglobulin heavy chain-binding protein	1	GD17-PE40		https://adcdb.idrblab.net/data/abt/details/TAR0OUZAI
TAR0FBZTE	Endosialin (CD248)	ADC_TARGET	CD164L1; TEM1; Tumor endothelial marker 1;CD_antigen=CD248	6	Anti-endosialin-Mc-Val-Cit-PABC-MMAE; DRG0CKSTC; ENDOS/ADC; IgG78-DM1; TEM1 Clone 187 A114N-Mc-Val-Cit-PABC-MMAE; TEM1 Clone 187 WT-Mc-Val-Cit-PABC-MMAE		https://adcdb.idrblab.net/data/abt/details/TAR0FBZTE
TAR0PMEFN	Endothelin receptor type B (EDNRB)	ADC_TARGET	ETRB; Endothelin receptor non-selective type	1		DRG0AQITP	https://adcdb.idrblab.net/data/abt/details/TAR0PMEFN
TAR0ZLIBG	Envelope glycoprotein D (Gd)	ADC_TARGET	US6	3	Alpha-Ly6E-LC-K149C-10; Alpha-gD-LC-K149C-12; DRG0FGYJG		https://adcdb.idrblab.net/data/abt/details/TAR0ZLIBG
TAR0DIACT	Envelope glycoprotein gp160 (env); Envelope glycoprotein gp41 (env)	ADC_TARGET		1	DL35D-DM1		https://adcdb.idrblab.net/data/abt/details/TAR0DIACT
TAR0SWIMV	Envelope glycoprotein gp160 (env)	ADC_TARGET	Env polyprotein	7	B12-PEG-G2-DOX; B12-PEG-G4-DOX; B12-PEG-G5-DOX; B12-SG3249; BAT123-PAP-S; DRG0NFKRP; MD1.22-DM1		https://adcdb.idrblab.net/data/abt/details/TAR0SWIMV
TAR0GFSKS	Ephrin type-A receptor 2 (EPHA2)	ADC_TARGET	ECK; Epithelial cell kinase;Tyrosine-protein kinase receptor ECK	76		DRG0ADHVC; DRG0ANWTK; DRG0CCQWD; DRG0CPVBW; DRG0DKLKP; DRG0DLAML; DRG0DWUZV; DRG0EGAPU; DRG0EJCGT; DRG0ETBJI; DRG0FAPPA; DRG0FBCUQ; DRG0FFHZF; DRG0FOWLI; DRG0FUNSR; DRG0GEORE; DRG0GFWIE; DRG0GJODM; DRG0GJWVL; DRG0GOBXP; DRG0HCDAC; DRG0HGVMV; DRG0HZLPD; DRG0IWCIP; DRG0IYTPE; DRG0JAKJI; DRG0JUUAP; DRG0JYVFM; DRG0KCLDV; DRG0KWXIP	https://adcdb.idrblab.net/data/abt/details/TAR0GFSKS
TAR0OMOAR	Ephrin type-A receptor 3 (EPHA3)	ADC_TARGET	ETK; ETK1; HEK; TYRO4; EPH-like kinase 4;HEK;Tyrosine-protein kinase TYRO4;Tyrosine-protein kinase receptor ETK1	1		DRG0AXDIU	https://adcdb.idrblab.net/data/abt/details/TAR0OMOAR
TAR0IMOZN	Ephrin-A4 (EFNA4)	ADC_TARGET	EPLG4; LERK4; EPH-related receptor tyrosine kinase ligand 4	1		DRG0SHGPV	https://adcdb.idrblab.net/data/abt/details/TAR0IMOZN
TAR0YDDCJ	Epidermal growth factor receptor (EGFR); CD276 antigen (CD276)	ADC_TARGET		1	IBI-3001		https://adcdb.idrblab.net/data/abt/details/TAR0YDDCJ
TAR0EGDJA	Epidermal growth factor receptor (EGFR); Hepatocyte growth factor receptor (MET)	ADC_TARGET		7		DRG0CWADI; DRG0FTNUO; DRG0IQWTO; DRG0JEJPW; DRG0TMQEQ; DRG0VOFMD; DRG0YJVVL	https://adcdb.idrblab.net/data/abt/details/TAR0EGDJA
TAR0OBJCM	Epidermal growth factor receptor (EGFR); Mucin-1 (MUC1)	ADC_TARGET		2		DRG0MTMQA; DRG0QTTET	https://adcdb.idrblab.net/data/abt/details/TAR0OBJCM
TAR0TIBOV	Epidermal growth factor receptor (EGFR); Receptor tyrosine-protein kinase erbB-2 (ERBB2)	ADC_TARGET		1	GenSci139		https://adcdb.idrblab.net/data/abt/details/TAR0TIBOV
TAR0YDDCH	Epidermal growth factor receptor (EGFR); Receptor tyrosine-protein kinase erbB-2 (ERBB2)	ADC_TARGET		1	Dualtargeting lidamycin ADC		https://adcdb.idrblab.net/data/abt/details/TAR0YDDCH
TAR0EUMSQ	Epidermal growth factor receptor (EGFR); Receptor tyrosine-protein kinase erbB-3 (ERBB3)	ADC_TARGET		8	BL-B16D1; DRG0IFWXM; DRG0IXDXJ; DRG0QGSVN; DRG0UBXSP; HDM2024; IBI-3005; JSKN021		https://adcdb.idrblab.net/data/abt/details/TAR0EUMSQ
TAR0TLUNC	Epidermal growth factor receptor (EGFR); Receptor tyrosine-protein kinase erbB-3 (HER3)	ADC_TARGET		30		DRG0ANQPV; DRG0DTJZD; DRG0IQVHP; DRG0JIEZD; DRG0JKYFC; DRG0JRXHL; DRG0KKQDW; DRG0LATBR; DRG0LUWVA; DRG0MVGDP; DRG0OCJGZ; DRG0OVMJM; DRG0PFHCM; DRG0PKGCA; DRG0QMJZS; DRG0QZUFE; DRG0RGKDK; DRG0ROMYM; DRG0RWCYL; DRG0TFDBF; DRG0TNSIO; DRG0TOVGF; DRG0UJXGX; DRG0UYLEW; DRG0VOTVV; DRG0WNUJB; DRG0XHKXF; DRG0XOZXZ; DRG0ZHPAT; DRG0ZRPMC	https://adcdb.idrblab.net/data/abt/details/TAR0TLUNC
TAR0VBULH	Epidermal growth factor receptor (EGFR); Tumor-associated calcium signal transducer 2 (TACSTD2)	ADC_TARGET		1	DM001		https://adcdb.idrblab.net/data/abt/details/TAR0VBULH
TAR0UYFIF	Epidermal growth factor receptor (EGFR)	ADC_TARGET	ERBB; ERBB1; HER1; Proto-oncogene c-ErbB-1;Receptor tyrosine-protein kinase erbB-1	245		DRG0ABVFW; DRG0ADUVQ; DRG0AFXBF; DRG0AJRKR; DRG0AJUVS; DRG0ALFPK; DRG0ANIRQ; DRG0AQHSO; DRG0ARBIR; DRG0ASBIX; DRG0ATULB; DRG0AYEUI; DRG0BABPY; DRG0BBHPW; DRG0BEPVW; DRG0BLHTP; DRG0BLOIO; DRG0BOJXK; DRG0BRLAW; DRG0BVRYI; DRG0BVXRR; DRG0BYVUR; DRG0CENRA; DRG0CFOPR; DRG0CGCDG; DRG0CGPQZ; DRG0COJIL; DRG0COWZX; DRG0CRHCH; DRG0CTLAS	https://adcdb.idrblab.net/data/abt/details/TAR0UYFIF
TAR0OYOTT	Epidermal growth factor receptor variant III (EGFRvIII)	ADC_TARGET	ERBBvIII; ERBB1vIII; HER1vIII; Proto-oncogene c-ErbB-1vIII;Receptor tyrosine-protein kinase erbB-1vIII	15		DRG0DBOBD; DRG0FRQUB; DRG0KNFGV; DRG0LKHDN; DRG0LXWTE; DRG0NBLUD; DRG0NJCPB; DRG0NOLEO; DRG0NUPUI; DRG0RFTFM; DRG0RWAPY; DRG0SQKCB; DRG0SWJIT; DRG0UJSDX; DRG0YVBCV	https://adcdb.idrblab.net/data/abt/details/TAR0OYOTT
TAR0OHKVL	Epidermal growth factor receptorn (EGFR C797S) (EGFR C797S)	ADC_TARGET		1		DRG0DDWPP	https://adcdb.idrblab.net/data/abt/details/TAR0OHKVL
TAR0GZXLR	Epithelial cell adhesion molecule (EPCAM)	ADC_TARGET	GA733-2; M1S2; M4S1; MIC18; TACSTD1; TROP1; Adenocarcinoma-associated antigen;Cell surface glycoprotein Trop-1;Epithelial cell surface antigen;Epithelial glycoprotein;Epithelial glycoprotein 314;KS 1/4 antigen;KSA;Major gastrointestinal tumor-associated protein GA733-2;Tumor-associated calcium signal transducer 1;CD_antigen=CD326	14		DRG0ADIFF; DRG0BVRNJ; DRG0CKWNZ; DRG0DXHTY; DRG0FQVDY; DRG0GXGKO; DRG0HHNYV; DRG0ICRYT; DRG0MFMSM; DRG0NZUZJ; DRG0RSHGL; DRG0SGXZO; DRG0TGUXX; DRG0TXGSO	https://adcdb.idrblab.net/data/abt/details/TAR0GZXLR
TAR0RUTUB	Fc receptor-like protein 5 (FCRL5)	ADC_TARGET	FCRH5; IRTA2; UNQ503; PRO820; BXMAS1;Fc receptor homolog 5;Immune receptor translocation-associated protein 2;CD_antigen=CD307e	3	Anti-FcRL5-Mc-vcPAB-MMAE; Anti-FcRL5-SPDB-DM4; DFRF-4539A		https://adcdb.idrblab.net/data/abt/details/TAR0RUTUB
TAR0KYIZX	Fibroblast growth factor receptor 1 (FGFR1)	ADC_TARGET	BFGFR; CEK; FGFBR; FLG; FLT2; HBGFR; Basic fibroblast growth factor receptor 1;Fms-like tyrosine kinase 2;N-sam;Proto-oncogene c-Fgr;CD_antigen=CD331	2	PeptibodyC19-PEG4-Val-Cit-MMAE; T-Fc-Val-Cit-MMAE		https://adcdb.idrblab.net/data/abt/details/TAR0KYIZX
TAR0ODKQM	Fibroblast growth factor receptor 2 (FGFR2); Fibroblast growth factor receptor 4 (FGFR4)	ADC_TARGET		106	Anti-FGFR2/4 mAb-10553 CX1-1-DM1; Anti-FGFR2/4 mAb-10553 SMCC-DM1; Anti-FGFR2/4 mAb-10553 SPDB-DM4; Anti-FGFR2/4 mAb-10553 SPDP-DM1; Anti-FGFR2/4 mAb-10553 SPP-DM1; Anti-FGFR2/4 mAb-10553 SSNPP-DM3; Anti-FGFR2/4 mAb-10553 Sulfo-SPDB-DM4; Anti-FGFR2/4 mAb-10554 CX1-1-DM1; Anti-FGFR2/4 mAb-10554 SMCC-DM1; Anti-FGFR2/4 mAb-10554 SPDB-DM4; Anti-FGFR2/4 mAb-10554 SPDP-DM1; Anti-FGFR2/4 mAb-10554 SPP-DM1; Anti-FGFR2/4 mAb-10554 SSNPP-DM3; Anti-FGFR2/4 mAb-10554 Sulfo-SPDB-DM4; Anti-FGFR2/4 mAb-10729 CX1-1-DM1; Anti-FGFR2/4 mAb-10729 SMCC-DM1; Anti-FGFR2/4 mAb-10729 SPDB-DM4; Anti-FGFR2/4 mAb-10729 SPDP-DM1; Anti-FGFR2/4 mAb-10729 SPP-DM1; Anti-FGFR2/4 mAb-10729 SSNPP-DM3; Anti-FGFR2/4 mAb-10729 Sulfo-SPDB-DM4; Anti-FGFR2/4 mAb-10918 CX1-1-DM1; Anti-FGFR2/4 mAb-10918 SMCC-DM1; Anti-FGFR2/4 mAb-10918 SPDB-DM4; Anti-FGFR2/4 mAb-10918 SPDP-DM1; Anti-FGFR2/4 mAb-10918 SPP-DM1; Anti-FGFR2/4 mAb-10918 SSNPP-DM3; Anti-FGFR2/4 mAb-10918 Sulfo-SPDB-DM4; Anti-FGFR2/4 mAb-10923 CX1-1-DM1; Anti-FGFR2/4 mAb-10923 SMCC-DM1		https://adcdb.idrblab.net/data/abt/details/TAR0ODKQM
TAR0OXEAL	Fibroblast growth factor receptor 2 (FGFR2)	ADC_TARGET	BEK; KGFR; KSAM; K-sam;Keratinocyte growth factor receptor;CD_antigen=CD332	66		DRG0ANQNG; DRG0DGZBK; DRG0DHUQX; DRG0DONLR; DRG0DYWLS; DRG0EWEBV; DRG0EXOII; DRG0FFTLK; DRG0FGXER; DRG0FHBAE; DRG0FOPUY; DRG0GRZGE; DRG0HCVQW; DRG0HFBMZ; DRG0IICVR; DRG0IQUPN; DRG0IUIZQ; DRG0JJEUT; DRG0JNTFL; DRG0JNXDI; DRG0LHFRY; DRG0LUGBY; DRG0LVCGV; DRG0LXDBX; DRG0MJZPR; DRG0MUTGA; DRG0MVRLO; DRG0NCCEU; DRG0NCPSR; DRG0NHLSX	https://adcdb.idrblab.net/data/abt/details/TAR0OXEAL
TAR0ZNFNB	Fibroblast growth factor receptor 3 (FGFR3)	ADC_TARGET	JTK4; CD_antigen=CD333	2		DRG0KWMKF; DRG0XBJHU	https://adcdb.idrblab.net/data/abt/details/TAR0ZNFNB
TAR0GVYZS	Fibroblast growth factor receptor 4 (FGFR4)	ADC_TARGET	JTK2; TKF; CD_antigen=CD334	2	DRG0ITEEV; U3-1784-Compound (Ia)		https://adcdb.idrblab.net/data/abt/details/TAR0GVYZS
TAR0PSTYD	Fibromodulin (FMOD)	ADC_TARGET	FM; SLRR2E; Collagen-binding 59 kDa protein;Keratan sulfate proteoglycan fibromodulin	1	FMOD-ADC		https://adcdb.idrblab.net/data/abt/details/TAR0PSTYD
TAR0EHRHH	Fibronectin (FN1)	ADC_TARGET	FN; Cold-insoluble globulin	3		DRG0QCIPJ; DRG0REALL; DRG0SEAFV	https://adcdb.idrblab.net/data/abt/details/TAR0EHRHH
TAR0QHAVI	Folate receptor alpha (FOLR1)	ADC_TARGET	FOLR; Adult folate-binding protein;Folate receptor 1;Folate receptor, adult;KB cells FBP;Ovarian tumor-associated antigen MOv18	202		DRG0AECRR; DRG0AGWDB; DRG0AQLGB; DRG0ASHUH; DRG0AUKCA; DRG0BAZKZ; DRG0BBRJG; DRG0BGCIQ; DRG0BIQVN; DRG0BLINK; DRG0BZDNW; DRG0CCQRR; DRG0CDCKY; DRG0CEOMA; DRG0CETGS; DRG0CHECW; DRG0CIRIY; DRG0CLBZN; DRG0COANM; DRG0CODEO; DRG0COPUJ; DRG0CTQUP; DRG0CVBYK; DRG0CWQAC; DRG0CZARU; DRG0DCQUW; DRG0DFVIC; DRG0DFXFU; DRG0DKWHC; DRG0DLYRE	https://adcdb.idrblab.net/data/abt/details/TAR0QHAVI
TAR0BULZG	Frizzled-7 (FZD7)	ADC_TARGET	FzE3	2		DRG0GGZJV; DRG0SQAHG	https://adcdb.idrblab.net/data/abt/details/TAR0BULZG
TAR0BIGJP	Fucosylated monosialotetrahexosylganglioside (FucGM1)	ADC_TARGET		29	Anti-FucGM1-45 ADC; Anti-FucGM1-46 ADC; Anti-FucGM1-47 ADC; Anti-FucGM1-48 ADC; DRG0ACDAI; DRG0ASAPS; DRG0ASJYK; DRG0AYWNU; DRG0DIIPW; DRG0EBYIM; DRG0EMPQB; DRG0EUBDV; DRG0EVSSN; DRG0FWFMV; DRG0GZMCL; DRG0JWXUS; DRG0LQFXO; DRG0OWYSC; DRG0PDEXX; DRG0QAVWI; DRG0QECHB; DRG0QVGJP; DRG0RDNVH; DRG0UHMLO; DRG0UWHHW; DRG0WSLPF; DRG0XFZIC; DRG0XIVLE; DRG0YIYFN		https://adcdb.idrblab.net/data/abt/details/TAR0BIGJP
TAR0GIFMP	G-protein coupled receptor 20 (GPR20)	ADC_TARGET		15		DRG0DTOFN; DRG0DVYHP; DRG0ESMLO; DRG0FEPRR; DRG0GINYL; DRG0IDJLV; DRG0KMHWZ; DRG0LCSFG; DRG0NKYQD; DRG0OCPJZ; DRG0RXMOS; DRG0TPWBF; DRG0UDOTY; DRG0WJKRI; DRG0ZZTXU	https://adcdb.idrblab.net/data/abt/details/TAR0GIFMP
TAR0XQRSB	G-protein coupled receptor family C group 5 member D (GPRC5D)	ADC_TARGET		1		DRG0VYKSA	https://adcdb.idrblab.net/data/abt/details/TAR0XQRSB
TAR0JUWID	GC-C	ADC_TARGET		2	Indusatumab vedotin; TAK-164		https://adcdb.idrblab.net/data/abt/details/TAR0JUWID
TAR0MVKGL	GDNF family receptor alpha-1 (GFRA1)	ADC_TARGET	GDNFRA; RETL1; TRNR1; RET ligand 1;TGF-beta-related neurotrophic factor receptor 1	1	GFRA1 targeted antibody-drug conjugate		https://adcdb.idrblab.net/data/abt/details/TAR0MVKGL
TAR0UTVLX	Galectin-3-binding protein (LGALS3BP)	ADC_TARGET	M2BP; Basement membrane autoantigen p105;Lectin galactoside-binding soluble 3-binding protein;Mac-2-binding protein;Tumor-associated antigen 90K	3	1959-SSS-DM3; 1959-sss/DM4; MP-1959-ADC		https://adcdb.idrblab.net/data/abt/details/TAR0UTVLX
TAR0GGGWQ	Gamma-aminobutyric acid receptor subunit pi (GABRP)	ADC_TARGET	GABA(A) receptor subunit pi	1	GABRP Ab-DM1 ADC		https://adcdb.idrblab.net/data/abt/details/TAR0GGGWQ
TAR0TIPAJ	Ganglioside GD2 (GD2)	ADC_TARGET		2	Ch14.18-MMAE; Ch14.18-MMAF		https://adcdb.idrblab.net/data/abt/details/TAR0TIPAJ
TAR0IUXCP	Ganglioside GD3	ADC_TARGET		1		DRG0VNZZZ	https://adcdb.idrblab.net/data/abt/details/TAR0IUXCP
TAR0JYLUU	Gasdermin-E (GSDME)	ADC_TARGET	Inversely correlated with estrogen receptor expression 1 Non-syndromic hearing impairment protein 5	1	mesoADC		https://adcdb.idrblab.net/data/abt/details/TAR0JYLUU
TAR0RBHCF	Globo H (globotriaosylceramide)	ADC_TARGET		2		DRG0SNURI; DRG0ZWUTX	https://adcdb.idrblab.net/data/abt/details/TAR0RBHCF
TAR0YDDCU	Glutamate carboxypeptidase 2 (FOLH1); Metalloreductase STEAP1 (STEAP1)	ADC_TARGET		1	ABBV-969		https://adcdb.idrblab.net/data/abt/details/TAR0YDDCU
TAR0ZHRFU	Glutamate carboxypeptidase 2 (FOLH1)	ADC_TARGET	Cell growth-inhibiting gene 27 protein; Folate hydrolase 1; Folylpoly-gamma-glutamate carboxypeptidase; Glutamate carboxypeptidase II; Membrane glutamate carboxypeptidase; N-acetylated-alpha-linked acidic dipeptidase I; Prostate-specific membrane antigen; Pteroylpoly-gamma-glutamate carboxypeptidase	112		DRG0AADPC; DRG0AFWEI; DRG0AJZDY; DRG0ASXDK; DRG0ATPXQ; DRG0AVEQT; DRG0CRAKG; DRG0CZBIH; DRG0DABZH; DRG0DEGYA; DRG0DFBPV; DRG0DHIZC; DRG0DIUOI; DRG0DNHUD; DRG0DROCG; DRG0DWKOL; DRG0ECPIQ; DRG0EEIPS; DRG0EERWJ; DRG0EIKGI; DRG0EKQVL; DRG0EOPUD; DRG0ERQFB; DRG0ERUBP; DRG0FILKV; DRG0FLNVO; DRG0GAFBL; DRG0GDHBK; DRG0GHVFC; DRG0GJYVE	https://adcdb.idrblab.net/data/abt/details/TAR0ZHRFU
TAR0WBVOL	Glypican-1 (GPC1)	ADC_TARGET		21	GPC-1 ADC 1; GPC-1 ADC 10; GPC-1 ADC 11; GPC-1 ADC 12; GPC-1 ADC 13; GPC-1 ADC 14; GPC-1 ADC 15; GPC-1 ADC 16; GPC-1 ADC 17; GPC-1 ADC 18; GPC-1 ADC 2; GPC-1 ADC 3; GPC-1 ADC 4; GPC-1 ADC 5; GPC-1 ADC 6; GPC-1 ADC 7; GPC-1 ADC 8; GPC-1 ADC 9; GPC-1-ADC; GPC1-ADC-MMAE; GPC1-ADC-MMAF		https://adcdb.idrblab.net/data/abt/details/TAR0WBVOL
TAR0LAWKO	Glypican-2 (GPC2)	ADC_TARGET		2	D3-GPC2-PBD; DRG0UOAJM		https://adcdb.idrblab.net/data/abt/details/TAR0LAWKO
TAR0NNHUU	Glypican-3 (GPC3)	ADC_TARGET	OCI5; GTR2-2;Intestinal protein OCI-5;MXR7	46		DRG0AFQCU; DRG0ALMGB; DRG0BRADG; DRG0CKMPP; DRG0DEOYK; DRG0EBKVX; DRG0EQDLA; DRG0EVGHD; DRG0EWEYR; DRG0GLWKS; DRG0GZRQQ; DRG0HBMPH; DRG0HDZAW; DRG0JEKTY; DRG0JGXIK; DRG0JRQLU; DRG0KCIZT; DRG0KVVMV; DRG0KWRKH; DRG0MAYTI; DRG0MCDHV; DRG0MUJTG; DRG0MVAFJ; DRG0NLPAH; DRG0OOOWH; DRG0PELUS; DRG0PJKLO; DRG0QUDXZ; DRG0RVHLX; DRG0RVNRW	https://adcdb.idrblab.net/data/abt/details/TAR0NNHUU
TAR0SXQNS	Granulocyte colony-stimulating factor receptor (CSF3R)	ADC_TARGET	GCSFR; CD_antigen=CD114	1		DRG0KKBKT	https://adcdb.idrblab.net/data/abt/details/TAR0SXQNS
TAR0ZYWVJ	Guanylyl cyclase C (GUCY2C)	ADC_TARGET	Heat-stable enterotoxin receptor;Intestinal guanylate cyclase	2		DRG0FSHWJ; DRG0IPCHO	https://adcdb.idrblab.net/data/abt/details/TAR0ZYWVJ
TAR0ZCCYF	HLA class I histocompatibility antigen, alpha chain G (HLA-G)	ADC_TARGET	HLA G antigen;MHC class I antigen G	1		DRG0QIJRR	https://adcdb.idrblab.net/data/abt/details/TAR0ZCCYF
TAR0KVKEF	HLA class II histocompatibility antigen gamma chain (CD74)	ADC_TARGET	DHLAG; HLA-DR antigens-associated invariant chain;Ia antigen-associated invariant chain;CD_antigen=CD74	26		DRG0AELYX; DRG0CBDTB; DRG0CYWIX; DRG0DDBSF; DRG0DWFMJ; DRG0EAECY; DRG0EMENQ; DRG0GMDRL; DRG0HLUUC; DRG0IGVTS; DRG0IZGWW; DRG0KBADU; DRG0MOYPW; DRG0QMAIV; DRG0RJKWE; DRG0SAHJU; DRG0SDPTM; DRG0SNONX; DRG0VLGVH; DRG0VQQAX; DRG0WKXXE; DRG0WOBTL; DRG0XKOYT; DRG0YTXVU; DRG0ZIJNR; DRG0ZQDBC	https://adcdb.idrblab.net/data/abt/details/TAR0KVKEF
TAR0FMLBT	HLA class II histocompatibility antigen, DR alpha chain (HLA-DRA)	ADC_TARGET	HLA-DRA1; MHC class II antigen DRA	2		DRG0FZKVR; DRG0KWGRK	https://adcdb.idrblab.net/data/abt/details/TAR0FMLBT
TAR0GJMYC	Haptoglobin-hemoglobin receptor (Tb06.28F21.220)	ADC_TARGET		2	Tb074-SG3376; Tb085-SG3376		https://adcdb.idrblab.net/data/abt/details/TAR0GJMYC
TAR0JNSUE	Hepatitis A virus cellular receptor 1 (HAVCR1)	ADC_TARGET	KIM1; TIM1; TIMD1; Kidney injury molecule 1;T-cell immunoglobulin and mucin domain-containing protein 1;T-cell immunoglobulin mucin receptor 1;T-cell membrane protein 1;CD_antigen=CD365	1		DRG0YZGPN	https://adcdb.idrblab.net/data/abt/details/TAR0JNSUE
TAR0AXGLF	Hepatocyte growth factor receptor (MET); Epidermal growth factor receptor (EGFR)	ADC_TARGET		3	DM005; DRG0SHPOF; GEN-1286		https://adcdb.idrblab.net/data/abt/details/TAR0AXGLF
TAR0GEPAI	Hepatocyte growth factor receptor (MET); Hepatocyte growth factor receptor (MET)	ADC_TARGET		1	MET/MET-M114		https://adcdb.idrblab.net/data/abt/details/TAR0GEPAI
TAR0LSJOE	Hepatocyte growth factor receptor (MET); Macrophage-stimulating protein receptor (MST1R)	ADC_TARGET		13	BYON3521; DRG0IUOID; DRG0JCUAO; DRG0TTBCF; MT-8633; MYTX-011; RC108; REGN5093-M114; SHR-1826; SHR-A1403; Telisotuzumab vedotin; YL211; telisotuzumab adizutecan		https://adcdb.idrblab.net/data/abt/details/TAR0LSJOE
TAR0AIJKM	Hepatocyte growth factor receptor (MET)	ADC_TARGET	HGF/SF receptor;Proto-oncogene c-Met;Scatter factor receptor;Tyrosine-protein kinase Met	58		DRG0AHQJW; DRG0AOJSA; DRG0BFPJV; DRG0CCEQO; DRG0CDYJL; DRG0CNSWG; DRG0COMTY; DRG0DANEJ; DRG0DGNKY; DRG0DNWSM; DRG0DOVQH; DRG0DSOMP; DRG0ECIBA; DRG0EPWAO; DRG0FGOBJ; DRG0FNASQ; DRG0FXFTT; DRG0FXXCX; DRG0FZHDH; DRG0GCAFS; DRG0GXSJT; DRG0HKNWF; DRG0HYBAI; DRG0JNYOJ; DRG0JUEKN; DRG0JZBSP; DRG0LTRDZ; DRG0MDQMI; DRG0MNKZM; DRG0MOPNM	https://adcdb.idrblab.net/data/abt/details/TAR0AIJKM
TAR0DITCA	High affinity immunoglobulin epsilon receptor subunit alpha (FCER1A)	ADC_TARGET	FCE1A; Fc-epsilon RI-alpha; IgE Fc receptor subunit alpha	10		DRG0DDIWM; DRG0FLLMW; DRG0FPUEX; DRG0IKOGW; DRG0MEWMY; DRG0QEUTB; DRG0RLGLP; DRG0ROBYM; DRG0TVBZP; DRG0WXKDG	https://adcdb.idrblab.net/data/abt/details/TAR0DITCA
TAR0HPNPL	Human gp240 antigen	ADC_TARGET		1	Monoclonal antibody ZME-018-gelonin conjugate		https://adcdb.idrblab.net/data/abt/details/TAR0HPNPL
TAR0TAPIC	Inactive tyrosine-protein kinase 7 (PTK7); Epidermal growth factor receptor (EGFR)	ADC_TARGET		1	DM003		https://adcdb.idrblab.net/data/abt/details/TAR0TAPIC
TAR0JXPTV	Inactive tyrosine-protein kinase 7 (PTK7)	ADC_TARGET	CCK4; Colon carcinoma kinase 4;Protein-tyrosine kinase 7;Pseudo tyrosine kinase receptor 7;Tyrosine-protein kinase-like 7	7		DRG0CRNZA; DRG0CUSJZ; DRG0NSXOJ; DRG0QQNUX; DRG0RMHEN; DRG0SVBBY; DRG0XHZLG	https://adcdb.idrblab.net/data/abt/details/TAR0JXPTV
TAR0JOBXJ	Inactive tyrosine-protein kinase transmembrane receptor ROR1 (ROR1); Tyrosine-protein kinase transmembrane receptor ROR2 (ROR2)	ADC_TARGET		5	DRG0GERTS; DRG0IZKGD; DRG0LECDP; DRG0MLPUR; Ozuriftamab vedotin		https://adcdb.idrblab.net/data/abt/details/TAR0JOBXJ
TAR0LTTSS	Inactive tyrosine-protein kinase transmembrane receptor ROR1 (ROR1)	ADC_TARGET	NTRKR1; Neurotrophic tyrosine kinase, receptor-related 1	93		DRG0AMFAZ; DRG0AQAAX; DRG0BOTCP; DRG0BVUHV; DRG0CQEIR; DRG0CQVVF; DRG0CTOUQ; DRG0DIFXZ; DRG0DRJBU; DRG0DSTKU; DRG0DZCMM; DRG0EGWZM; DRG0EJPKN; DRG0EJWHI; DRG0ENAPW; DRG0FEUWM; DRG0FHCIO; DRG0FIAKG; DRG0FOOJX; DRG0GBSJX; DRG0GFIMQ; DRG0GFJIT; DRG0GGKEV; DRG0IEORF; DRG0IYBRB; DRG0JEZMQ; DRG0JGLZY; DRG0JQUOP; DRG0JTZEH; DRG0JXDAO	https://adcdb.idrblab.net/data/abt/details/TAR0LTTSS
TAR0RMVAK	Inducible T-cell costimulator (ICOS)	ADC_TARGET	AILIM; Activation-inducible lymphocyte immunomediatory molecule;CD_antigen=CD278	2	Anti-ICOS-MMAE; Anti-ICOS-PBD		https://adcdb.idrblab.net/data/abt/details/TAR0RMVAK
TAR0XGJXK	Insulin-like growth factor 1 receptor (IGF1R)	ADC_TARGET	Insulin-like growth factor I receptor;CD_antigen=CD221	146		DRG0ADPBW; DRG0ADWEL; DRG0ADWJU; DRG0AIHFC; DRG0ANBQP; DRG0BGUUR; DRG0BOSDW; DRG0BTGGP; DRG0BWTKJ; DRG0BYWSX; DRG0BZDRG; DRG0CBSHT; DRG0CCBIC; DRG0CFLVR; DRG0CPFHU; DRG0CPRNY; DRG0CSJAX; DRG0DBZZS; DRG0DGVQT; DRG0DHMGZ; DRG0DLLID; DRG0DLLLH; DRG0DURJJ; DRG0DYQGH; DRG0EBEMV; DRG0EEAOA; DRG0EUGYE; DRG0EVCKZ; DRG0EXNOZ; DRG0FIOEB	https://adcdb.idrblab.net/data/abt/details/TAR0XGJXK
TAR0XYHYS	Integrin alpha-10 (ITGA10)	ADC_TARGET		4		DRG0NDNJB; DRG0RITMD; DRG0XZQSO; DRG0YWPJC	https://adcdb.idrblab.net/data/abt/details/TAR0XYHYS
TAR0LVECA	Integrin alpha-4 (ITGA4)	ADC_TARGET	CD49D; CD49 antigen-like family member D; Integrin alpha-IV; VLA-4 subunit alpha; CD_antigen=CD49d	1	WO2015177360A1 ADC-Natalizumab S375C		https://adcdb.idrblab.net/data/abt/details/TAR0LVECA
TAR0FQEWV	Integrin alpha-5 (ITGA5)	ADC_TARGET	FNRA; CD49 antigen-like family member E; Fibronectin receptor subunit alpha; Integrin alpha-F; VLA-5; CD_antigen=CD49e	13	CC2B-h15H3-gluc-MMAE; DRG0AMCIT; DRG0EKACJ; DRG0EKSID; DRG0GXMNS; DRG0HSOLC; DRG0IYAAC; DRG0NQRGP; DRG0RHRIK; DRG0SDTAR; DRG0XFBUP; DRG0YNJSC; h15H3-gluc-MMAE		https://adcdb.idrblab.net/data/abt/details/TAR0FQEWV
TAR0WOWID	Integrin alpha-V (ITGAV)	ADC_TARGET	Vitronectin receptor;Vitronectin receptor subunit alpha;CD_antigen=CD51	15		DRG0DHIJR; DRG0DJNVI; DRG0FNUGI; DRG0GMQLI; DRG0HIGWE; DRG0IGQDC; DRG0IXCWM; DRG0MAKUC; DRG0MOENC; DRG0NFJPO; DRG0ORLAD; DRG0RJITI; DRG0XLJJW; DRG0YHGEY; DRG0ZUXKG	https://adcdb.idrblab.net/data/abt/details/TAR0WOWID
TAR0JDMFW	Integrin beta-3 (ITGB3)	ADC_TARGET	GP3A; Platelet membrane glycoprotein IIIa; CD_antigen=CD61	1	ScFvGPIIb/IIIa-MMAE		https://adcdb.idrblab.net/data/abt/details/TAR0JDMFW
TAR0OPCIZ	Integrin beta-6 (ITGB6); Programmed cell death 1 ligand 1 (CD274)	ADC_TARGET		1	JSKN022		https://adcdb.idrblab.net/data/abt/details/TAR0OPCIZ
TAR0AIVIM	Integrin beta-6 (ITGB6)	ADC_TARGET		1		DRG0VJROY	https://adcdb.idrblab.net/data/abt/details/TAR0AIVIM
TAR0TVUDL	Intercellular adhesion molecule 1 (ICAM1)	ADC_TARGET	Major group rhinovirus receptor;CD_antigen=CD54	6		DRG0AZSYY; DRG0EUGGJ; DRG0HZMTS; DRG0OGWRU; DRG0OHXHY; DRG0PCAMO	https://adcdb.idrblab.net/data/abt/details/TAR0TVUDL
TAR0KZAQY	Interferon alpha-1/13 (IFNA1; IFNA13)	ADC_TARGET	Interferon alpha-D	1		DRG0ALCYL	https://adcdb.idrblab.net/data/abt/details/TAR0KZAQY
TAR0VQYAS	Interferon-stimulated gene 20 kDa protein (ISG20)	ADC_TARGET	HEM45; Estrogen-regulated transcript 45 protein;Promyelocytic leukemia nuclear body-associated protein ISG20	24		DRG0BDNDU; DRG0DYKDF; DRG0ELUHJ; DRG0EVYFC; DRG0FWCOG; DRG0GPZWY; DRG0HTVOV; DRG0JAGXF; DRG0LDTED; DRG0LRTNK; DRG0NGNGT; DRG0NLSMS; DRG0OOMJM; DRG0RVNVK; DRG0SRCUI; DRG0TNXNH; DRG0UQMET; DRG0VBTYN; DRG0VFXLH; DRG0WJOMO; DRG0WVREO; DRG0XDNAH; DRG0YPLYG; DRG0YRYZD	https://adcdb.idrblab.net/data/abt/details/TAR0VQYAS
TAR0FKDXJ	Interleukin-1 receptor type 2 (IL1R2)	ADC_TARGET	IL1RB; CD121 antigen-like family member B;CDw121b;IL-1 type II receptor;Interleukin-1 receptor beta;Interleukin-1 receptor type II;CD_antigen=CD121b	1	Anti-Tac (Fv)-PE38KDEL conjugate		https://adcdb.idrblab.net/data/abt/details/TAR0FKDXJ
TAR0KKFFR	Interleukin-1 receptor-like 1 (IL1RL1)	ADC_TARGET	DER4; ST2; T1; Protein ST2	7	T1LD1; T1LD2; T1LD3; T1LD4; T1LD5; T1LD6; T1LD7		https://adcdb.idrblab.net/data/abt/details/TAR0KKFFR
TAR0UKZBL	Interleukin-13 receptor subunit alpha-2 (IL13RA2)	ADC_TARGET	IL13R; Interleukin-13-binding protein;CD_antigen=CD213a2	4		DRG0OMACI; DRG0VHZVS; DRG0WRABL; DRG0XVPES	https://adcdb.idrblab.net/data/abt/details/TAR0UKZBL
TAR0CYSHF	Interleukin-2 receptor subunit alpha (IL2RA)	ADC_TARGET	TAC antigen;p55;CD_antigen=CD25	4		DRG0FOAKQ; DRG0FUFBP; DRG0IKWPY; DRG0YAZBQ	https://adcdb.idrblab.net/data/abt/details/TAR0CYSHF
TAR0JUHTG	Interleukin-3 receptor subunit alpha (IL3RA)	ADC_TARGET	IL3R; CD_antigen=CD123	15		DRG0CQCIH; DRG0DPRKA; DRG0EZVZS; DRG0GCSFZ; DRG0HOAIY; DRG0HXEET; DRG0IXBOR; DRG0JXUXU; DRG0KGZEG; DRG0KNBNI; DRG0SEEBD; DRG0TTNNZ; DRG0WCTHL; DRG0ZAEWN; DRG0ZTZMD	https://adcdb.idrblab.net/data/abt/details/TAR0JUHTG
TAR0LEENM	Interleukin-7 receptor subunit alpha (IL7R)	ADC_TARGET	CDw127;CD_antigen=CD127	2	A7R-ADC-MMAE; A7R-ADC-SN38		https://adcdb.idrblab.net/data/abt/details/TAR0LEENM
TAR0BSGNP	Junctional adhesion molecule C (JAM3)	ADC_TARGET	JAM-2; Junctional adhesion molecule 3	1	HSL156 mAb-DT3C conjugate		https://adcdb.idrblab.net/data/abt/details/TAR0BSGNP
TAR0LWLGS	Kidney-associated antigen 1 (KAAG1)	ADC_TARGET	RU2AS; RU2 antisense gene protein	2		DRG0BGQOD; DRG0OXCWY	https://adcdb.idrblab.net/data/abt/details/TAR0LWLGS
TAR0PBKCW	Kita-kyushu lung cancer antigen 1 (CT83)	ADC_TARGET	CXorf61; KKLC1; Cancer/testis antigen 83	1	1131-MMAE		https://adcdb.idrblab.net/data/abt/details/TAR0PBKCW
TAR0VPZEJ	Lactosylceramide 4-alpha-galactosyltransferase (A4GALT)	ADC_TARGET	A14GALT; A4GALT1; Alpha-1,4-N-acetylglucosaminyltransferase;Alpha-1,4-galactosyltransferase;Alpha4Gal-T1;CD77 synthase;Globotriaosylceramide synthase;P1/Pk synthase;UDP-galactose:beta-D-galactosyl-beta1-R 4-alpha-D-galactosyltransferase	1	1B-3R ADC		https://adcdb.idrblab.net/data/abt/details/TAR0VPZEJ
TAR0NGRBV	Leucine-rich alpha-2-glycoprotein (LRG1)	ADC_TARGET	LRG	2	LRG1-ADC 5; Magacizumab PD-MMAE ADC 5		https://adcdb.idrblab.net/data/abt/details/TAR0NGRBV
TAR0QEXPC	Leucine-rich repeat-containing protein 15 (LRRC15)	ADC_TARGET	LIB; Leucine-rich repeat protein induced by beta-amyloid homolog	9		DRG0AUICZ; DRG0AVUFT; DRG0BQBWF; DRG0GTUOW; DRG0OPFVY; DRG0QBADZ; DRG0QFDKM; DRG0VCYEK; DRG0VWIGE	https://adcdb.idrblab.net/data/abt/details/TAR0QEXPC
TAR0DPWRE	Leukocyte antigen CD37 (CD37)	ADC_TARGET	TSPAN26; Tetraspanin-26;CD_antigen=CD37	5		DRG0HTELK; DRG0LQZSE; DRG0PMCEU; DRG0VBKHE; DRG0WJWEG	https://adcdb.idrblab.net/data/abt/details/TAR0DPWRE
TAR0VLRDR	Leukocyte surface antigen CD47 (CD47); Programmed cell death 1 ligand 1 (CD274)	ADC_TARGET		1	JY207		https://adcdb.idrblab.net/data/abt/details/TAR0VLRDR
TAR0QHRAZ	Leukocyte surface antigen CD47 (CD47)	ADC_TARGET	MER6; Antigenic surface determinant protein OA3;Integrin-associated protein;Protein MER6;CD_antigen=CD47	4		DRG0KBKKP; DRG0LSVWJ; DRG0TBBXF; DRG0UWYXJ	https://adcdb.idrblab.net/data/abt/details/TAR0QHRAZ
TAR0CGBGC	Lewis A (LeA)	ADC_TARGET		1	HuMAB-5B1-ATAC		https://adcdb.idrblab.net/data/abt/details/TAR0CGBGC
TAR0OHNJK	Lewis Y	ADC_TARGET		16		DRG0ARIWN; DRG0AVFVQ; DRG0DFVMO; DRG0IWKEQ; DRG0IYTPP; DRG0JPAOC; DRG0NQMEE; DRG0ONNWE; DRG0OOIDK; DRG0UUPPC; DRG0WZZOZ; DRG0XGNVD; DRG0XHELN; DRG0YKCJS; DRG0YXZQL; DRG0ZFLDE	https://adcdb.idrblab.net/data/abt/details/TAR0OHNJK
TAR0VUDIK	Lipid rafts (LR)	ADC_TARGET		1		DRG0KSTYX	https://adcdb.idrblab.net/data/abt/details/TAR0VUDIK
TAR0EYKXF	Lipolysis-stimulated lipoprotein receptor (LSR)	ADC_TARGET	ILDR3; LISCH; Angulin-1	1	LSR-ADC		https://adcdb.idrblab.net/data/abt/details/TAR0EYKXF
TAR0XXXDU	Lupus La protein (SSB)	ADC_TARGET	La autoantigen; La ribonucleoprotein; Sjoegren syndrome type B antigen	6	DAB4-DM1; DAB4-DM4; DAB4-DuoDM; DAB4-MMAE; DAB4-MMAF; chDAB4-SG3249		https://adcdb.idrblab.net/data/abt/details/TAR0XXXDU
TAR0GAQGW	Ly6/PLAUR domain-containing protein 3 (LYPD3)	ADC_TARGET	C4.4A; UNQ491; PRO1007; GPI-anchored metastasis-associated protein C4.4A homolog;Matrigel-induced gene C4 protein	6		DRG0FPXJK; DRG0LXEXH; DRG0MIJIS; DRG0TEQJD; DRG0WCYUM; DRG0ZPLMN	https://adcdb.idrblab.net/data/abt/details/TAR0GAQGW
TAR0LXDND	Lymphocyte antigen 6E (LY6E)	ADC_TARGET	Retinoic acid-induced gene E protein;Stem cell antigen 2;Thymic shared antigen 1	11		DRG0BBNQV; DRG0BLMUY; DRG0GTBNK; DRG0GYZHE; DRG0HDEZT; DRG0IGWYN; DRG0IMYOV; DRG0LVNUC; DRG0OVJOF; DRG0RMQKN; DRG0WOUMV	https://adcdb.idrblab.net/data/abt/details/TAR0LXDND
TAR0BVXLX	Lymphocyte antigen 75 (LY75)	ADC_TARGET	CD205; CLEC13B; C-type lectin domain family 13 member B;DEC-205;gp200-MR6;CD_antigen=CD205	3		DRG0RARRJ; DRG0STCNY; DRG0WGCDI	https://adcdb.idrblab.net/data/abt/details/TAR0BVXLX
TAR0BCRGP	Lysosome-associated membrane glycoprotein 1 (LAMP1)	ADC_TARGET	CD107 antigen-like family member A;CD_antigen=CD107a	1		DRG0EPYFC	https://adcdb.idrblab.net/data/abt/details/TAR0BCRGP
TAR0UNGLZ	MHC class I polypeptide-related sequence A (MICA)	ADC_TARGET		1		DRG0PGYJL	https://adcdb.idrblab.net/data/abt/details/TAR0UNGLZ
TAR0TBGEV	Macrophage mannose receptor 1 (MRC1)	ADC_TARGET	CLEC13D; CLEC13DL; MRC1L1; C-type lectin domain family 13 member D;C-type lectin domain family 13 member D-like;Human mannose receptor;Macrophage mannose receptor 1-like protein 1;CD_antigen=CD206	1	CD206-NAMPT inhibitor-based antibody drug conjugate		https://adcdb.idrblab.net/data/abt/details/TAR0TBGEV
TAR0VKTEC	Macrophage-stimulating protein receptor (MST1R)	ADC_TARGET	PTK8; RON; CDw136;Protein-tyrosine kinase 8;p185-Ron;CD_antigen=CD136	5		DRG0KEBKN; DRG0KGFDM; DRG0LHTOB; DRG0MFABC; DRG0TUJEV	https://adcdb.idrblab.net/data/abt/details/TAR0VKTEC
TAR0QVFKZ	Male-specific lethal 1 homolog (MSL1)	ADC_TARGET	MSL1L1; Male-specific lethal 1-like 1; Male-specific lethal-1 homolog 1	18	Anti-MSL1 mAb-Compound 17; Anti-MSL1 mAb-Compound 25; Anti-MSL1 mAb-Compound 31; Anti-MSL1 mAb-Compound 36; Anti-MSL1 mAb-Compound 43; Anti-MSL1 mAb-Compound 49; Anti-MSL1 mAb-Compound 55; Anti-MSL1 mAb-Compound 59; Anti-MSL1 mAb-Compound 64; Anti-MSL1 mAb-Compound 69; Anti-MSL1 mAb-Compound 74; Anti-MSL1 mAb-Compound 75; Anti-MSL1 mAb-Compound 76; Anti-MSL1 mAb-Compound 77; Anti-MSL1 mAb-Compound 78; Anti-MSL1 mAb-Compound 79; Anti-MSL1 mAb-Compound 80; Anti-MSL1 mAb-Compound 9		https://adcdb.idrblab.net/data/abt/details/TAR0QVFKZ
TAR0SDULL	Mast/stem cell growth factor receptor Kit (KIT)	ADC_TARGET	SCFR; Piebald trait protein;Proto-oncogene c-Kit;Tyrosine-protein kinase Kit;p145 c-kit;v-kit Hardy-Zuckerman 4 feline sarcoma viral oncogene homolog;CD_antigen=CD117	66		DRG0AKKJG; DRG0APAGQ; DRG0APLYI; DRG0BDZMF; DRG0BIVOI; DRG0BREQP; DRG0BRYIM; DRG0BVXGD; DRG0CBQHP; DRG0CDKOV; DRG0CPRDL; DRG0DHRIV; DRG0DLGFI; DRG0DLKHJ; DRG0EWRAI; DRG0FJAGM; DRG0FSONA; DRG0GCXCC; DRG0GHEYC; DRG0HCLSH; DRG0HMQMZ; DRG0HQQTN; DRG0IFKGK; DRG0IKCHZ; DRG0INOJL; DRG0JCLOW; DRG0JOIJZ; DRG0JQAJB; DRG0MCKPB; DRG0MDBMS	https://adcdb.idrblab.net/data/abt/details/TAR0SDULL
TAR0IFMJZ	Melanotransferrin (MELTF)	ADC_TARGET	MAP97; MFI2; Melanoma-associated antigen p97;CD_antigen=CD228	12		DRG0APNBD; DRG0FESUP; DRG0GVFYZ; DRG0MLATO; DRG0MQTIB; DRG0PRCGF; DRG0PWAOJ; DRG0RXASA; DRG0UJMPA; DRG0VGJAX; DRG0YIIUC; DRG0YMBXC	https://adcdb.idrblab.net/data/abt/details/TAR0IFMJZ
TAR0TJWJC	Melatonin receptor type 1A (MTNR1A)	ADC_TARGET		1		DRG0PKYBF	https://adcdb.idrblab.net/data/abt/details/TAR0TJWJC
TAR0JMGXV	Membrane cofactor protein (CD46)	ADC_TARGET	MCP; MIC10; TLX;Trophoblast leukocyte common antigen;CD_antigen=CD46	15		DRG0AOKAZ; DRG0BHMHR; DRG0DPWBU; DRG0EVQIT; DRG0ISSIL; DRG0JDRZK; DRG0JSHEY; DRG0QHTLV; DRG0QMIBK; DRG0QNCHG; DRG0RWTUE; DRG0SNFIP; DRG0SXGVC; DRG0WLCIN; DRG0YBABY	https://adcdb.idrblab.net/data/abt/details/TAR0JMGXV
TAR0NEZUA	Mesothelin (MSLN)	ADC_TARGET	MPF; CAK1 antigen;Pre-pro-megakaryocyte-potentiating factor	90		DRG0ACQCV; DRG0AFIVC; DRG0ASPMX; DRG0AWWZA; DRG0BBLPU; DRG0BBULL; DRG0BCLTV; DRG0BJYDH; DRG0BLQZY; DRG0BPJJE; DRG0BUEUE; DRG0CERUU; DRG0CVCJX; DRG0DACZF; DRG0DCKPV; DRG0DJFUC; DRG0DOHXR; DRG0DVPFF; DRG0EGWJZ; DRG0EJGRP; DRG0EMVLO; DRG0EOOVT; DRG0EPHMC; DRG0FAVON; DRG0FFJIH; DRG0FMWZY; DRG0FQODL; DRG0FUJSW; DRG0FUMZZ; DRG0FXFDD	https://adcdb.idrblab.net/data/abt/details/TAR0NEZUA
TAR0NGPYZ	Metalloreductase STEAP1 (STEAP1)	ADC_TARGET	PRSS24; STEAP; Six-transmembrane epithelial antigen of prostate 1	3		DRG0HGNSO; DRG0UNHOJ; DRG0YTRFZ	https://adcdb.idrblab.net/data/abt/details/TAR0NGPYZ
TAR0BWSFH	Mucin-1 (MUC1)	ADC_TARGET	PUM; Breast carcinoma-associated antigen DF3;Cancer antigen 15-3;Carcinoma-associated mucin;Episialin;H23AG;Krebs von den Lungen-6;PEMT;Peanut-reactive urinary mucin;Polymorphic epithelial mucin;Tumor-associated epithelial membrane antigen;Tumor-associated mucin;CD_antigen=CD227	18		DRG0CPNIE; DRG0CVRIW; DRG0DIWSF; DRG0HUBHJ; DRG0JNPOI; DRG0KJDBA; DRG0KYHQN; DRG0NCRFQ; DRG0NGSGM; DRG0OIRCM; DRG0PNKLC; DRG0QWTZZ; DRG0VMKDY; DRG0WOBTH; DRG0XCWMD; DRG0XWTYJ; DRG0ZNUYD; DRG0ZTLWT	https://adcdb.idrblab.net/data/abt/details/TAR0BWSFH
TAR0WGRJX	Mucin-16 (MUC16)	ADC_TARGET	Ovarian cancer-related tumor marker CA125;Ovarian carcinoma antigen CA125	32		DRG0ADCXM; DRG0AESKI; DRG0AIVFW; DRG0ARJSB; DRG0AWDSI; DRG0BDVZW; DRG0BGWDZ; DRG0BIJXE; DRG0BXPOL; DRG0CGTQP; DRG0DERJX; DRG0DNEQV; DRG0DOYAV; DRG0ELHJQ; DRG0IMZIW; DRG0JQATX; DRG0KBCLD; DRG0NKVYN; DRG0ORTGI; DRG0PRYCI; DRG0QAKVR; DRG0QLOPH; DRG0RBZDF; DRG0RSBMJ; DRG0SHLCI; DRG0TECXR; DRG0TWWOX; DRG0VCTTK; DRG0WXEJJ; DRG0YPMBC	https://adcdb.idrblab.net/data/abt/details/TAR0WGRJX
TAR0ABUJJ	Mucin-17	ADC_TARGET		1	HDM2012		https://adcdb.idrblab.net/data/abt/details/TAR0ABUJJ
TAR0TAUFB	Mucosal vascular addressin cell adhesion molecule 1 (MADCAM1)	ADC_TARGET		1		DRG0WVXVY	https://adcdb.idrblab.net/data/abt/details/TAR0TAUFB
TAR0HJZOS	Myeloid cell surface antigen CD33 (CD33); Programmed cell death 1 ligand 1 (CD274)	ADC_TARGET		2	Fetrastobart vedotin; HLX43		https://adcdb.idrblab.net/data/abt/details/TAR0HJZOS
TAR0OVWVF	Myeloid cell surface antigen CD33 (CD33)	ADC_TARGET	SIGLEC3; Sialic acid-binding Ig-like lectin 3;gp67;CD_antigen=CD33	180		DRG0AHHSJ; DRG0ANRJJ; DRG0ARJGM; DRG0AUCKJ; DRG0AVGDG; DRG0AVSTH; DRG0AXJHY; DRG0AYVIJ; DRG0BEUUA; DRG0BJIPQ; DRG0BJRZG; DRG0BTJNW; DRG0BZIAE; DRG0CAXGA; DRG0CBYSL; DRG0CDIVX; DRG0CFGGK; DRG0CFWDG; DRG0CRHMZ; DRG0CTBQX; DRG0CWECV; DRG0CWUAS; DRG0DCYUU; DRG0DHWKL; DRG0DUOPF; DRG0EAHFW; DRG0EDBXG; DRG0EDDDM; DRG0EFBKP; DRG0EJSZZ	https://adcdb.idrblab.net/data/abt/details/TAR0OVWVF
TAR0TVCVK	Myotubularin (MTM1)	ADC_TARGET	CG2; Phosphatidylinositol-3,5-bisphosphate 3-phosphatase;Phosphatidylinositol-3-phosphate phosphatase	1		DRG0QWZSI	https://adcdb.idrblab.net/data/abt/details/TAR0TVCVK
TAR0WMPUG	Nectin-2 (NECTIN2)	ADC_TARGET	HVEB; PRR2; PVRL2; Herpes virus entry mediator B;Nectin cell adhesion molecule 2;Poliovirus receptor-related protein 2;CD_antigen=CD112	1	C12G1-DM1		https://adcdb.idrblab.net/data/abt/details/TAR0WMPUG
TAR0TONKQ	Nectin-4 (NECTIN4); Tumor-associated calcium signal transducer 2 (TACSTD2)	ADC_TARGET		2	AK146D1; DRG0MBSAD		https://adcdb.idrblab.net/data/abt/details/TAR0TONKQ
TAR0MWTFE	Nectin-4 (NECTIN4)	ADC_TARGET	Ig superfamily receptor LNIR;Nectin cell adhesion molecule 4;Poliovirus receptor-related protein 4	25		DRG0AAJTS; DRG0AZLBZ; DRG0BBQSE; DRG0BCLOV; DRG0BCWFQ; DRG0DDMKC; DRG0FREUY; DRG0HVGGO; DRG0IQZOU; DRG0KFPBB; DRG0KHDFE; DRG0KKATK; DRG0LNYUS; DRG0NKUQA; DRG0NQGJP; DRG0PRSEK; DRG0PTOUF; DRG0RFWQY; DRG0SVXWC; DRG0TPQUN; DRG0TWLXC; DRG0VHDYJ; DRG0VYGBA; DRG0XKMVA; DRG0ZLJPV	https://adcdb.idrblab.net/data/abt/details/TAR0MWTFE
TAR0YOEAI	Neural cell adhesion molecule 1 (NCAM1)	ADC_TARGET	NCAM; CD_antigen=CD56	20		DRG0BLFDX; DRG0EMDXR; DRG0ENACR; DRG0ENIXU; DRG0FQRJB; DRG0HPTAT; DRG0IXYSH; DRG0MQXGF; DRG0NSYHL; DRG0NUPXB; DRG0ONCII; DRG0ONEFD; DRG0QEYDG; DRG0RLBGI; DRG0SDZSF; DRG0UNQPX; DRG0WGXUC; DRG0WQLLP; DRG0XHPCG; DRG0XTASD	https://adcdb.idrblab.net/data/abt/details/TAR0YOEAI
TAR0PNBPC	Neurogenic locus notch homolog protein 3 (NOTCH3)	ADC_TARGET		32		DRG0ACHNB; DRG0AQSWY; DRG0ARCUQ; DRG0BCVJD; DRG0CHKFB; DRG0CPYCB; DRG0DYXWW; DRG0EPDID; DRG0GMTZZ; DRG0HZRYS; DRG0IWXFA; DRG0JSUAX; DRG0LAQPQ; DRG0LEKOF; DRG0LMZQI; DRG0LWKPR; DRG0PKEQX; DRG0POKJM; DRG0PQZMN; DRG0PSEKN; DRG0RTIGL; DRG0UDBZM; DRG0UDLHC; DRG0VNVZQ; DRG0WJVTH; DRG0WRFYU; DRG0XRJYP; DRG0XVGMU; DRG0XXKFU; DRG0YHDNK	https://adcdb.idrblab.net/data/abt/details/TAR0PNBPC
TAR0ULKWR	Neutral amino acid transporter B(0) (SLC1A5)	ADC_TARGET	Baboon M7 virus receptor; RD114/simian type D retrovirus receptor; Sodium-dependent neutral amino acid transporter type 2; Solute carrier family 1 member 5; SLC1A5; ASCT2; M7V1; RDR; RDRC	1	MEDI-7247		https://adcdb.idrblab.net/data/abt/details/TAR0ULKWR
TAR0VQXRU	O-acetyl derivative of GD2 ganglioside (OAcGD2)	ADC_TARGET		2		DRG0CYJSZ; DRG0IMEOJ	https://adcdb.idrblab.net/data/abt/details/TAR0VQXRU
TAR0TGDZU	Onco-foetal sialyl-Tn	ADC_TARGET		3		DRG0XEXPT; DRG0XRDLA; DRG0YFVYF	https://adcdb.idrblab.net/data/abt/details/TAR0TGDZU
TAR0FCHHQ	Oncodevelopmental antigen polysialic acid (polySia)	ADC_TARGET		2	T-Py-DM1; ch735-Py-DM1		https://adcdb.idrblab.net/data/abt/details/TAR0FCHHQ
TAR0CYCQM	P2X purinoceptor 7 (P2RX7)	ADC_TARGET	ATP receptor;P2Z receptor;Purinergic receptor	1		DRG0AXGPR	https://adcdb.idrblab.net/data/abt/details/TAR0CYCQM
TAR0LDTBG	Phosphatidylserine synthase 1 (PTDSS1)	ADC_TARGET	KIAA0024; PSSA; Serine-exchange enzyme I	2		DRG0HNQCW; DRG0RDZIH	https://adcdb.idrblab.net/data/abt/details/TAR0LDTBG
TAR0VIJBO	Phospholipase A-2-activating protein; Alkaline phosphatase, germ cell type (ALPG)	ADC_TARGET		1	SGN-ALPV		https://adcdb.idrblab.net/data/abt/details/TAR0VIJBO
TAR0EIAGD	Piezo-type mechanosensitive ion channel component 1 (PIEZO1)	ADC_TARGET	FAM38A; KIAA0233; Membrane protein induced by beta-amyloid treatment;Protein FAM38A	1	Anti-PIEZO1-MMAE		https://adcdb.idrblab.net/data/abt/details/TAR0EIAGD
TAR0VGBTG	Platelet-derived growth factor receptor alpha (PDGFRA)	ADC_TARGET	PDGFR2; RHEPDGFRA; Alpha platelet-derived growth factor receptor; Alpha-type platelet-derived growth factor receptor; CD140 antigen-like family member A; CD140a antigen; Platelet-derived growth factor alpha receptor; Platelet-derived growth factor receptor 2; CD_antigen=CD140a	1	Olaratumab-Compound (Ia)		https://adcdb.idrblab.net/data/abt/details/TAR0VGBTG
TAR0GMCDK	Platelet-derived growth factor receptor beta (PDGFRB)	ADC_TARGET	PDGFR; PDGFR1; Beta platelet-derived growth factor receptor;Beta-type platelet-derived growth factor receptor;CD140 antigen-like family member B;Platelet-derived growth factor receptor 1;CD_antigen=CD140b	4	Anti-PDGFRB C-scFv Duocarmycin; Anti-PDGFRB cotinine scFv-C-scFv-duocarmycin; DRG0BSNWK; DRG0NUHVO		https://adcdb.idrblab.net/data/abt/details/TAR0GMCDK
TAR0BZZWU	Podocalyxin (PODXL)	ADC_TARGET	PCLP; PCLP1; GCTM-2 antigen;Gp200;Podocalyxin-like protein 1	1	PODO447-ADC		https://adcdb.idrblab.net/data/abt/details/TAR0BZZWU
TAR0HFDKR	Podoplanin (PDPN)	ADC_TARGET	Aggrus T1-alpha	1		DRG0FGJBT	https://adcdb.idrblab.net/data/abt/details/TAR0HFDKR
TAR0FBGLQ	Poly [ADP-ribose] polymerase 1 (PARP1)	ADC_TARGET	ADP-ribosyltransferase diphtheria toxin-like 1;DNA ADP-ribosyltransferase PARP1;NAD(+) ADP-ribosyltransferase 1;Poly[ADP-ribose] synthase 1;Protein poly-ADP-ribosyltransferase PARP1	3		DRG0GBIDD; DRG0GNFMC; DRG0SWIBY	https://adcdb.idrblab.net/data/abt/details/TAR0FBGLQ
TAR0GSSJV	Pregnancy-specific beta-1-glycoprotein 2 (PSG2)	ADC_TARGET	PSBG2; Pregnancy-specific beta-1 glycoprotein E	4		DRG0MTUPD; DRG0NOYDH; DRG0XEHGL; DRG0ZQIZB	https://adcdb.idrblab.net/data/abt/details/TAR0GSSJV
TAR0LKRTD	Pro-epidermal growth factor (EGF)	ADC_TARGET		1	Monoclonal antibody B4G7-gelonin conjugate		https://adcdb.idrblab.net/data/abt/details/TAR0LKRTD
TAR0NHFQP	Programmed cell death 1 ligand 1 (CD274); Programmed cell death 1 ligand 2 (PDCD1LG2)	ADC_TARGET		1		DRG0DSMMR	https://adcdb.idrblab.net/data/abt/details/TAR0NHFQP
TAR0LXLCR	Programmed cell death 1 ligand 1 (CD274); Vascular endothelial growth factor A (VEGFA)	ADC_TARGET		1	JSKN027		https://adcdb.idrblab.net/data/abt/details/TAR0LXLCR
TAR0SYQPS	Programmed cell death 1 ligand 1 (CD274)	ADC_TARGET		13		DRG0AJQLB; DRG0DDTZB; DRG0EOFTU; DRG0IJDNB; DRG0IWWAX; DRG0NYFRQ; DRG0OCUYB; DRG0ONBQK; DRG0QCKOE; DRG0QLCMJ; DRG0QQETS; DRG0QQSDO; DRG0RNDKX	https://adcdb.idrblab.net/data/abt/details/TAR0SYQPS
TAR0USNQQ	Programmed cell death ligand 1 (PD-L1); Leukocyte surface antigen CD47 (CD47)	ADC_TARGET		18	DRG0ABWWH; DRG0AEDRN; DRG0AESLE; DRG0BBOQV; DRG0CHKPL; DRG0DWZLZ; DRG0EWASU; DRG0FYWIR; DRG0LGCBT; DRG0NHOIY; DRG0OOAPU; DRG0ORTCJ; DRG0PYWEU; DRG0RRZWJ; DRG0UTPQO; DRG0VRCOP; DRG0XMKVQ; PF-08046037		https://adcdb.idrblab.net/data/abt/details/TAR0USNQQ
TAR0CSMXL	Programmed cell death protein 1 (PDCD1)	ADC_TARGET		3	DRG0NBUVF; DRG0SHRQL; WTX-212		https://adcdb.idrblab.net/data/abt/details/TAR0CSMXL
TAR0FIJGT	Prolactin receptor (PRLR)	ADC_TARGET		6		DRG0ATRFG; DRG0BMTAI; DRG0LSRAT; DRG0MJELC; DRG0OUXWT; DRG0PQTVF	https://adcdb.idrblab.net/data/abt/details/TAR0FIJGT
TAR0TSBSL	Prolyl endopeptidase FAP (FAP)	ADC_TARGET	170 kDa melanoma membrane-bound gelatinase;Dipeptidyl peptidase FAP;Fibroblast activation protein alpha;Gelatine degradation protease FAP;Integral membrane serine protease;Post-proline cleaving enzyme;Serine integral membrane protease;Surface-expressed protease	10		DRG0HOBUN; DRG0KCDFL; DRG0MHSYJ; DRG0OZEGT; DRG0SAXJE; DRG0SONBG; DRG0UXNFA; DRG0XGHTG; DRG0ZKVNP; DRG0ZOMIJ	https://adcdb.idrblab.net/data/abt/details/TAR0TSBSL
TAR0KMJYX	Prominin-1 (PROM1)	ADC_TARGET	PROML1; MSTP061; Antigen AC133;Prominin-like protein 1;CD_antigen=CD133	1		DRG0NDFLP	https://adcdb.idrblab.net/data/abt/details/TAR0KMJYX
TAR0YUFBV	Prostaglandin F2 receptor negative regulator (PTGFRN)	ADC_TARGET	CD9P1; EWIF; FPRP; KIAA1436; CD9 partner 1;Glu-Trp-Ile EWI motif-containing protein F;Prostaglandin F2-alpha receptor regulatory protein;Prostaglandin F2-alpha receptor-associated protein;CD_antigen=CD315	1		DRG0UEGSE	https://adcdb.idrblab.net/data/abt/details/TAR0YUFBV
TAR0ZDFGV	Prostate-specific antigen (KLK3)	ADC_TARGET	APS; Gamma-seminoprotein;Kallikrein-3;P-30 antigen;Semenogelase	3	ADCT-212; DRG0BNUHW; DRG0XMQGT		https://adcdb.idrblab.net/data/abt/details/TAR0ZDFGV
TAR0WFAXQ	Protein delta homolog 1 (DLK1)	ADC_TARGET	DLK; pG2	4		DRG0FHDVJ; DRG0IDRYV; DRG0PHKMG; DRG0UCKGX	https://adcdb.idrblab.net/data/abt/details/TAR0WFAXQ
TAR0HTZRS	Receptor tyrosine-protein kinase erbB-2 (ERBB2); Tumor-associated calcium signal transducer 2 (TACSTD2)	ADC_TARGET		1	YH-012		https://adcdb.idrblab.net/data/abt/details/TAR0HTZRS
TAR0OMIUH	Receptor tyrosine-protein kinase erbB-2 (HER2 ECD2); Receptor tyrosine-protein kinase erbB-2 (HER2 ECD4)	ADC_TARGET		7		DRG0FMCLF; DRG0FWYLZ; DRG0IVDIV; DRG0PXYTA; DRG0QCCTW; DRG0ZGWBV; DRG0ZYLBB	https://adcdb.idrblab.net/data/abt/details/TAR0OMIUH
TAR0BDQMV	Receptor tyrosine-protein kinase erbB-2 (HER2 exon 20)	ADC_TARGET	HER2 exon 20; MLN19 exon 20; NEU exon 20	1		DRG0WOJVL	https://adcdb.idrblab.net/data/abt/details/TAR0BDQMV
TAR0THKZD	Receptor tyrosine-protein kinase erbB-2 (HER2)	ADC_TARGET	HER2; MLN19; NEU; NGL; Metastatic lymph node gene 19 protein;Proto-oncogene Neu;Proto-oncogene c-ErbB-2;Tyrosine kinase-type cell surface receptor HER2;p185erbB2;CD_antigen=CD340	1308		DRG0AAHQS; DRG0AALGD; DRG0AALTY; DRG0ABJAM; DRG0ABOHV; DRG0ADGHG; DRG0ADMHI; DRG0ADPKT; DRG0ADSTC; DRG0ADUDY; DRG0AEBMA; DRG0AELNA; DRG0AEPKZ; DRG0AEZNC; DRG0AFEZA; DRG0AGDFT; DRG0AGZVA; DRG0AHOET; DRG0AICGX; DRG0AICUG; DRG0AJNFC; DRG0AJOYN; DRG0AJXIV; DRG0AKPPC; DRG0AKRJW; DRG0ALKKX; DRG0ALZMA; DRG0AMCNA; DRG0AMDED; DRG0ANLSP	https://adcdb.idrblab.net/data/abt/details/TAR0THKZD
TAR0LXKFL	Receptor tyrosine-protein kinase erbB-3 (ERBB3); Hepatocyte growth factor receptor (MET)	ADC_TARGET		1		DRG0SLLFJ	https://adcdb.idrblab.net/data/abt/details/TAR0LXKFL
TAR0USCPV	Receptor tyrosine-protein kinase erbB-3 (ERBB3); Mucin-1 (MUC1)	ADC_TARGET		1	DM002		https://adcdb.idrblab.net/data/abt/details/TAR0USCPV
TAR0OICRH	Receptor tyrosine-protein kinase erbB-3 (ERBB3); Tumor-associated calcium signal transducer 2 (TACSTD2)	ADC_TARGET		1	JSKN-016		https://adcdb.idrblab.net/data/abt/details/TAR0OICRH
TAR0LNVRK	Receptor tyrosine-protein kinase erbB-3 (ERBB3); Tumor-associated calcium signal transducer 2 (TACSTD2)	ADC_TARGET		11	AK138D1; AMT-562; DB-1310; DRG0HMQLM; DRG0SABRN; HMBD-501; Patritumab deruxtecan; SHR-A2009; SIBP-A13; SYS6023; YL-202		https://adcdb.idrblab.net/data/abt/details/TAR0LNVRK
TAR0YINFU	Receptor tyrosine-protein kinase erbB-3 (HER3); Epidermal growth factor receptor (EGFR)	ADC_TARGET		1		DRG0YANSF	https://adcdb.idrblab.net/data/abt/details/TAR0YINFU
TAR0LIXOR	Receptor tyrosine-protein kinase erbB-3 (HER3); Mucin-1 (MUC1)	ADC_TARGET		1	DM002		https://adcdb.idrblab.net/data/abt/details/TAR0LIXOR
TAR0YDDCK	Receptor tyrosine-protein kinase erbB-3 (HER3); Tumor-associated calcium signal transducer 2 (TROP2)	ADC_TARGET		1		DRG0YMRIE	https://adcdb.idrblab.net/data/abt/details/TAR0YDDCK
TAR0MYDAB	Receptor tyrosine-protein kinase erbB-3 (HER3)	ADC_TARGET	HER3; Proto-oncogene-like protein c-ErbB-3;Tyrosine kinase-type cell surface receptor HER3	72		DRG0ABPHD; DRG0AJUNV; DRG0ATAEV; DRG0BBGIT; DRG0BIQNI; DRG0CYOYD; DRG0DAKKB; DRG0DSWBG; DRG0DVLWA; DRG0EAKLP; DRG0ENYWM; DRG0ESNMO; DRG0EYFZZ; DRG0EYJKC; DRG0FJYPL; DRG0FKOLH; DRG0FLGFI; DRG0FSTBP; DRG0FWMPN; DRG0GRWAH; DRG0HHNZU; DRG0IPIVC; DRG0IRGPG; DRG0IROVM; DRG0ISNZK; DRG0JCXAF; DRG0JDMVI; DRG0JGXIR; DRG0JLDZY; DRG0JXWJM	https://adcdb.idrblab.net/data/abt/details/TAR0MYDAB
TAR0BIRRP	Receptor-type tyrosine-protein kinase FLT3 (FLT3)	ADC_TARGET	CD135; FLK2; STK1; FL cytokine receptor;Fetal liver kinase-2;Fms-like tyrosine kinase 3;Stem cell tyrosine kinase 1;CD_antigen=CD135	1	AGS-62P1		https://adcdb.idrblab.net/data/abt/details/TAR0BIRRP
TAR0AHWVD	Receptor-type tyrosine-protein phosphatase C (PTPRC)	ADC_TARGET	CD45; Leukocyte common antigen;T200;CD_antigen=CD45	5		DRG0BLKPN; DRG0PLYNH; DRG0TYWJW; DRG0WEGRW; DRG0YXEDW	https://adcdb.idrblab.net/data/abt/details/TAR0AHWVD
TAR0FMXJS	SLAM family member 6 (SLAMF6)	ADC_TARGET	KALI; UNQ6123; PRO20080; Activating NK receptor;NK-T-B-antigen;CD_antigen=CD352	4		DRG0AGAHW; DRG0AWHCA; DRG0WTVHN; DRG0YZPWM	https://adcdb.idrblab.net/data/abt/details/TAR0FMXJS
TAR0YUGYX	SLAM family member 7 (SLAMF7)	ADC_TARGET	CS1; UNQ576; PRO1138; CD2 subset 1;CD2-like receptor-activating cytotoxic cells;Membrane protein FOAP-12;Novel Ly9;Protein 19A;CD_antigen=CD319	2		DRG0HYNFK; DRG0OMVBK	https://adcdb.idrblab.net/data/abt/details/TAR0YUGYX
TAR0CREXX	SLIT and NTRK-like protein 6 (SLITRK6)	ADC_TARGET		9		DRG0JBZOI; DRG0KTFHO; DRG0MVFBW; DRG0OGYRF; DRG0QIODT; DRG0QZHYU; DRG0XMEJI; DRG0YJCVC; DRG0YOEIC	https://adcdb.idrblab.net/data/abt/details/TAR0CREXX
TAR0JPUYN	Scavenger receptor cysteine-rich type 1 protein M130 (CD163)	ADC_TARGET	M130; Hemoglobin scavenger receptor;CD_antigen=CD163	1		DRG0GCTYJ	https://adcdb.idrblab.net/data/abt/details/TAR0JPUYN
TAR0KPWWB	Seizure protein 6 homolog (SEZ6)	ADC_TARGET		2		DRG0HEJWD; DRG0TFMQQ	https://adcdb.idrblab.net/data/abt/details/TAR0KPWWB
TAR0CQFIX	Semaphorin-4A (SEMA4A)	ADC_TARGET	SEMAB; SEMB; Semaphorin-B	3	5E3-Saporin ADC; 5E3-emtansine; 5E3-vedotin		https://adcdb.idrblab.net/data/abt/details/TAR0CQFIX
TAR0MREBI	Sequestosome-1 (SQSTM1)	ADC_TARGET	ORCA; OSIL; EBI3-associated protein of 60 kDa;Phosphotyrosine-independent ligand for the Lck SH2 domain of 62 kDa;Ubiquitin-binding protein p62	1		DRG0YKTME	https://adcdb.idrblab.net/data/abt/details/TAR0MREBI
TAR0FGBTT	Serine/threonine-protein kinase DCLK1 (DCLK1)	ADC_TARGET	DCAMKL1; DCDC3A; KIAA0369; Doublecortin domain-containing protein 3A;Doublecortin-like and CAM kinase-like 1;Doublecortin-like kinase 1	1		DRG0EQEVI	https://adcdb.idrblab.net/data/abt/details/TAR0FGBTT
TAR0QEGHL	Sialyl Lewis A (sLeA)	ADC_TARGET		1	HuMAB 5B1 targeted amanitin conjugate		https://adcdb.idrblab.net/data/abt/details/TAR0QEGHL
TAR0RZESP	Signal transducer CD24 (CD24)	ADC_TARGET	CD24A; Small cell lung carcinoma cluster 4 antigen;CD_antigen=CD24	2		DRG0IPORF; DRG0JMVCQ	https://adcdb.idrblab.net/data/abt/details/TAR0RZESP
TAR0AABNG	Sodium-dependent phosphate transport protein 2B (SLC34A2)	ADC_TARGET	Na(+)-dependent phosphate cotransporter 2B;NaPi3b;Sodium/phosphate cotransporter 2B;Solute carrier family 34 member 2	50		DRG0ALAYW; DRG0AXZNV; DRG0BTEFA; DRG0CBLVJ; DRG0CFNKG; DRG0CGWFV; DRG0CHUAA; DRG0CMLST; DRG0DASAL; DRG0DMTVY; DRG0EQUAE; DRG0FZPDA; DRG0GHWNV; DRG0GICHF; DRG0HJDVJ; DRG0HSMDJ; DRG0JBFLL; DRG0JBYDO; DRG0JNXDB; DRG0JSEQV; DRG0JSNYP; DRG0KTYOA; DRG0LJCBA; DRG0MBZJF; DRG0MGYXD; DRG0MRJHE; DRG0NMFGP; DRG0ODTJN; DRG0OZSZX; DRG0PPHTA	https://adcdb.idrblab.net/data/abt/details/TAR0AABNG
TAR0OPFHS	Somatostatin receptor type 2 (SSTR2)	ADC_TARGET	SRIF-1	2	Anti-SSTR2 ADC; PEN-221		https://adcdb.idrblab.net/data/abt/details/TAR0OPFHS
TAR0DSBFQ	Stage-specific embryonic antigen-4 (SSEA-4)	ADC_TARGET		1		DRG0VHHWJ	https://adcdb.idrblab.net/data/abt/details/TAR0DSBFQ
TAR0NBDHF	Staphylococcus aureus bacteria	ADC_TARGET		2		DRG0LUQSH; DRG0ZRLWB	https://adcdb.idrblab.net/data/abt/details/TAR0NBDHF
TAR0PFWWS	Suppressor of tumorigenicity 14 protein (ST14)	ADC_TARGET	PRSS14; SNC19; TADG15; Matriptase; Membrane-type serine protease 1; Prostamin; Serine protease 14; Serine protease TADG-15; Tumor-associated differentially-expressed gene 15 protein	1	M69-MMAE		https://adcdb.idrblab.net/data/abt/details/TAR0PFWWS
TAR0UBNCZ	Syndecan-1 (SDC1); Integrin alpha-4 (ITGA4)	ADC_TARGET		1	Bispecific nBT062-natalizumab-DM4		https://adcdb.idrblab.net/data/abt/details/TAR0UBNCZ
TAR0SERWS	Syndecan-1 (SDC1)	ADC_TARGET	SDC; CD_antigen=CD138	17		DRG0AWUIJ; DRG0BBHGW; DRG0CXLYV; DRG0HVSQZ; DRG0IYJMP; DRG0JTAOC; DRG0LPINW; DRG0MFUNL; DRG0NUDUN; DRG0OXDSB; DRG0OZGHA; DRG0TLFED; DRG0UFZSN; DRG0UNPDC; DRG0UXKIO; DRG0XFAKK; DRG0YKSUO	https://adcdb.idrblab.net/data/abt/details/TAR0SERWS
TAR0KOXJT	T cell receptor alpha chain constant (TRAC)	ADC_TARGET	TCRA	4	H66 N297Q/S298N/Y300S-Mc-Val-Cit-PABC-MMAE; H66 S298N/T299A/Y300S-Mc-Val-Cit-PABC-MMAE; H66 S298N/Y300S-Mc-Val-Cit-PABC-MMAE; H66-Mc-Val-Cit-PABC-MMAE		https://adcdb.idrblab.net/data/abt/details/TAR0KOXJT
TAR0HYSKU	T-cell antigen CD7 (CD7)	ADC_TARGET	GP40;T-cell leukemia antigen;T-cell surface antigen Leu-9;TP41;CD_antigen=CD7	6		DRG0FJEBK; DRG0KSYDF; DRG0MEKVD; DRG0RTDOB; DRG0SEZFV; DRG0ZXGGG	https://adcdb.idrblab.net/data/abt/details/TAR0HYSKU
TAR0DTNKO	T-cell immunoglobulin mucin-3 (TIM-3)	ADC_TARGET		1	KK2845		https://adcdb.idrblab.net/data/abt/details/TAR0DTNKO
TAR0CAWUI	T-cell surface antigen CD2 (CD2)	ADC_TARGET	SRBC; Erythrocyte receptor; LFA-2; LFA-3 receptor; Rosette receptor; T-cell surface antigen T11/Leu-5; CD_antigen=CD2	3	Ab85 D265C/H435A ADC A; CD2 RPA2.10 D265C/H435A ADC A; CD2 RPA2.10 D265C/H435A ADC C		https://adcdb.idrblab.net/data/abt/details/TAR0CAWUI
TAR0VTJDX	T-cell surface glycoprotein CD3 delta chain (CD3D); Programmed cell death protein 1 (PDCD1)	ADC_TARGET		1		DRG0IITIR	https://adcdb.idrblab.net/data/abt/details/TAR0VTJDX
TAR0PHDYQ	T-cell surface glycoprotein CD4 (CD4)	ADC_TARGET	T-cell surface antigen T4/Leu-3;CD_antigen=CD4	3		DRG0CNRDW; DRG0TNVRP; DRG0VGXGH	https://adcdb.idrblab.net/data/abt/details/TAR0PHDYQ
TAR0EHHCN	T-cell surface glycoprotein CD5 (CD5)	ADC_TARGET	LEU1; Lymphocyte antigen T1/Leu-1;CD_antigen=CD5	3		DRG0KJQRS; DRG0MZYPU; DRG0PDARQ	https://adcdb.idrblab.net/data/abt/details/TAR0EHHCN
TAR0OBBOA	T-cell surface glycoprotein CD8 alpha chain (CD8A); T-cell surface glycoprotein CD8 alpha chain (CD8A)	ADC_TARGET		2	Anti-CD8-idarubicin conjugate; DRG0WGZXJ		https://adcdb.idrblab.net/data/abt/details/TAR0OBBOA
TAR0DDBTM	T-lymphocyte activation antigen CD86 (CD86)	ADC_TARGET	CD28LG2; Activation B7-2 antigen;B70;BU63;CTLA-4 counter-receptor B7.2;FUN-1;CD_antigen=CD86	1		DRG0ISFPP	https://adcdb.idrblab.net/data/abt/details/TAR0DDBTM
TAR0NFRAT	TNF receptor superfamily member 1B (TNFRSF1B)	ADC_TARGET	TNFR2	1	Monoclonal antibody TP3-PAP conjugate		https://adcdb.idrblab.net/data/abt/details/TAR0NFRAT
TAR0GPIEQ	TRA-1-60	ADC_TARGET		1	Bstrongximab ADC		https://adcdb.idrblab.net/data/abt/details/TAR0GPIEQ
TAR0XTVJE	Tax1-binding protein 3 (TAX1BP3)	ADC_TARGET	Glutaminase-interacting protein 3;Tax interaction protein 1;Tax-interacting protein 1	1	7H5-Val-Cit-MMAE		https://adcdb.idrblab.net/data/abt/details/TAR0XTVJE
TAR0VTXKI	Teratocarcinoma-derived growth factor 1 (TDGF1)	ADC_TARGET	CRIPTO; Cripto-1 growth factor;Epidermal growth factor-like cripto protein CR1	1		DRG0ARHOG	https://adcdb.idrblab.net/data/abt/details/TAR0VTXKI
TAR0ZIMMG	Tissue factor (F3)	ADC_TARGET	Coagulation factor III; Thromboplastin; TF; CD142	60		DRG0AAXIE; DRG0AHRRD; DRG0AYUDO; DRG0BFZCV; DRG0BSZCH; DRG0CKASY; DRG0DAKKL; DRG0DFQML; DRG0EHFYL; DRG0ESCBK; DRG0FCQAU; DRG0FITFA; DRG0GYCJG; DRG0HMQEF; DRG0IJEPP; DRG0IKATO; DRG0ILMAM; DRG0IPNQE; DRG0IWMVH; DRG0JMFOX; DRG0KJVMG; DRG0KVBAI; DRG0LCJKF; DRG0LCOWD; DRG0LPEFB; DRG0MEWVN; DRG0MNGIZ; DRG0MWNAO; DRG0NZSFA; DRG0OAEBR	https://adcdb.idrblab.net/data/abt/details/TAR0ZIMMG
TAR0KILQS	Tomoregulin-2 (TMEFF2)	ADC_TARGET	HPP1; TENB2; TPEF; UNQ178; PRO204; Hyperplastic polyposis protein 1;Transmembrane protein with EGF-like and two follistatin-like domains	2	Anti-TenB2 antibody drug conjugate; huPr1-vcMMAE		https://adcdb.idrblab.net/data/abt/details/TAR0KILQS
TAR0VZOPP	Transferrin receptor protein 1 (TFRC)	ADC_TARGET	T9;p90;CD_antigen=CD71	5		DRG0AVJCO; DRG0JYNCF; DRG0NUDJA; DRG0NYHTE; DRG0TAJWU	https://adcdb.idrblab.net/data/abt/details/TAR0VZOPP
TAR0VGPLE	Transforming growth factor beta-1 proprotein (TGFB1)	ADC_TARGET	TGFB	1		DRG0EJZGZ	https://adcdb.idrblab.net/data/abt/details/TAR0VGPLE
TAR0UBWTY	Translocator protein (TSPO)	ADC_TARGET	BZRP; MBR; Mitochondrial benzodiazepine receptor; PKBS; Peripheral-type benzodiazepine receptor	1	IGN-786		https://adcdb.idrblab.net/data/abt/details/TAR0UBWTY
TAR0HSEFL	Transmembrane 4 L6 family member 1 (TM4SF1)	ADC_TARGET	M3S1; TAAL6; Membrane component chromosome 3 surface marker 1;Tumor-associated antigen L6	1		DRG0JQHJW	https://adcdb.idrblab.net/data/abt/details/TAR0HSEFL
TAR0MCXEX	Transmembrane glycoprotein NMB (GPNMB)	ADC_TARGET	HGFIN; NMB; Hematopoietic growth factor inducible neurokinin-1 type	2		DRG0IRZIB; DRG0MKVBS	https://adcdb.idrblab.net/data/abt/details/TAR0MCXEX
TAR0IUXCD	Transmembrane protein (novel epitope) Undisclosed	ADC_TARGET		1		DRG0NFTVD	https://adcdb.idrblab.net/data/abt/details/TAR0IUXCD
TAR0MFJRB	Trophoblast glycoprotein (TPBG); Hepatocyte growth factor receptor (MET)	ADC_TARGET		1	DM004		https://adcdb.idrblab.net/data/abt/details/TAR0MFJRB
TAR0XFYLU	Trophoblast glycoprotein (TPBG)	ADC_TARGET	5T4; 5T4 oncofetal antigen;5T4 oncofetal trophoblast glycoprotein;M6P1;Wnt-activated inhibitory factor 1	24		DRG0AIABT; DRG0CNJHC; DRG0CZHYM; DRG0EHWIM; DRG0EMQPK; DRG0EQQNO; DRG0EWPDV; DRG0GHCTO; DRG0KFBRI; DRG0KHFFZ; DRG0LHZWB; DRG0LNARP; DRG0MBRQI; DRG0NOFCF; DRG0NQSHK; DRG0SDFSX; DRG0SMZFO; DRG0TEICG; DRG0VHVOA; DRG0WDSGS; DRG0WSDDI; DRG0XBZCH; DRG0YHHWC; DRG0ZGWEK	https://adcdb.idrblab.net/data/abt/details/TAR0XFYLU
TAR0MQVPS	Tubulin alpha 1B (TUBA1B)	ADC_TARGET		1	Monoclonal antibody 1H10-doxorubicin conjugate		https://adcdb.idrblab.net/data/abt/details/TAR0MQVPS
TAR0MSWGX	Tumor necrosis factor (TNF)	ADC_TARGET	TNFA; TNFSF2; Cachectin;TNF-alpha;Tumor necrosis factor ligand superfamily member 2	64		DRG0BARJL; DRG0BEMDD; DRG0BOAOD; DRG0CGOPT; DRG0CLPVT; DRG0CQQDY; DRG0CSRGC; DRG0DBFNK; DRG0EJEUG; DRG0ERUMJ; DRG0FBSKI; DRG0FNJIZ; DRG0GOAUN; DRG0IPTFN; DRG0IQMZG; DRG0JETCM; DRG0JIXQY; DRG0JWITI; DRG0JXYPB; DRG0JYMAJ; DRG0JZQAW; DRG0KALQV; DRG0KBPAL; DRG0KFRNX; DRG0KPJMI; DRG0LJGFO; DRG0MOYVM; DRG0MPDIB; DRG0NBUHP; DRG0NGAKO	https://adcdb.idrblab.net/data/abt/details/TAR0MSWGX
TAR0LLYTK	Tumor necrosis factor ligand superfamily member 10 (TNFSF10)	ADC_TARGET	APO2L; TRAIL; Apo-2 ligand;TNF-related apoptosis-inducing ligand;CD_antigen=CD253	2	B-1453; DRG0YYHSU		https://adcdb.idrblab.net/data/abt/details/TAR0LLYTK
TAR0RKGHS	Tumor necrosis factor receptor superfamily member 10B (TNFRSF10B)	ADC_TARGET	DR5; KILLER; TRAILR2; TRICK2; ZTNFR9; Death receptor 5;TNF-related apoptosis-inducing ligand receptor 2;CD_antigen=CD262	4		DRG0HWAWD; DRG0KFCNT; DRG0YFPJB; DRG0YHWQY	https://adcdb.idrblab.net/data/abt/details/TAR0RKGHS
TAR0DBBHK	Tumor necrosis factor receptor superfamily member 12A (TNFRSF12A)	ADC_TARGET	FN14; Fibroblast growth factor-inducible immediate-early response protein 14;Tweak-receptor;CD_antigen=CD266	48	DRG0ACRZM; DRG0AFGMX; DRG0AYUVK; DRG0BUAYZ; DRG0BUTXD; DRG0CAALG; DRG0CFCXH; DRG0CUJVS; DRG0EFUQG; DRG0EGPHA; DRG0FKBJE; DRG0FMDUZ; DRG0FODGB; DRG0GHNFG; DRG0HFVYC; DRG0HLIGO; DRG0HTYCM; DRG0ILVTG; DRG0ITJBV; DRG0JFXTF; DRG0LFLTV; DRG0LVCHW; DRG0NCQNO; DRG0OCODF; DRG0QVPNM; DRG0TDSGL; DRG0TMINA; DRG0UWRKF; DRG0WBYHR; DRG0WZKXH		https://adcdb.idrblab.net/data/abt/details/TAR0DBBHK
TAR0OTZKD	Tumor necrosis factor receptor superfamily member 16 (NGFR)	ADC_TARGET	TNFRSF16; Gp80-LNGFR;Low affinity neurotrophin receptor p75NTR;Low-affinity nerve growth factor receptor;p75 ICD;CD_antigen=CD271	1		DRG0CHZRH	https://adcdb.idrblab.net/data/abt/details/TAR0OTZKD
TAR0KQONX	Tumor necrosis factor receptor superfamily member 17 (TNFRSF17)	ADC_TARGET	BCM; BCMA; B-cell maturation protein;CD_antigen=CD269	60		DRG0ADDII; DRG0ARJLY; DRG0BBEWM; DRG0BBFTO; DRG0BIQJZ; DRG0BNEXM; DRG0BVKZK; DRG0CKKTR; DRG0DDCMW; DRG0DDXUI; DRG0DRUCG; DRG0EFXDG; DRG0FHAXZ; DRG0GBXCV; DRG0GOLQD; DRG0HSVWB; DRG0HTRHN; DRG0INYKO; DRG0IOKOV; DRG0ITBMZ; DRG0JMYDW; DRG0JOACE; DRG0JQWIR; DRG0KTNQV; DRG0LGBME; DRG0LUUIP; DRG0NDAEC; DRG0NDXRU; DRG0NTBIB; DRG0NUTNI	https://adcdb.idrblab.net/data/abt/details/TAR0KQONX
TAR0DEDPZ	Tumor necrosis factor receptor superfamily member 1A (TNFRSF1A)	ADC_TARGET	TNFAR; TNFR1; Tumor necrosis factor receptor 1;Tumor necrosis factor receptor type I;p55;p60;CD_antigen=CD120a	47		DRG0ALUMN; DRG0BTGYC; DRG0DBEFV; DRG0DSCQI; DRG0DWYOX; DRG0DYMWP; DRG0FBKIO; DRG0FQLWO; DRG0FRGYU; DRG0GFDUW; DRG0HDNIB; DRG0HRDSA; DRG0JVBFW; DRG0KSALF; DRG0LKLZC; DRG0MBWYP; DRG0MJNCJ; DRG0MKPHL; DRG0MQFRJ; DRG0NLDTF; DRG0OYVSW; DRG0PZXXJ; DRG0QBGIW; DRG0QCXIA; DRG0RHWVZ; DRG0RMADH; DRG0RVKKH; DRG0RWYVW; DRG0RYHHB; DRG0SCIBU	https://adcdb.idrblab.net/data/abt/details/TAR0DEDPZ
TAR0KRVBQ	Tumor necrosis factor receptor superfamily member 5 (CD40)	ADC_TARGET	TNFRSF5; B-cell surface antigen CD40;Bp50;CD40L receptor;CDw40;CD_antigen=CD40	1	G28-5 sFv-PE40		https://adcdb.idrblab.net/data/abt/details/TAR0KRVBQ
TAR0QPCSQ	Tumor necrosis factor receptor superfamily member 8 (TNFRSF8)	ADC_TARGET	CD30L receptor;Ki-1 antigen;Lymphocyte activation antigen CD30;CD_antigen=CD30	100		DRG0ACANT; DRG0BBDVG; DRG0BUAWG; DRG0CFKHM; DRG0CLVXF; DRG0CPDPN; DRG0DBPMZ; DRG0DDGRB; DRG0DMRBN; DRG0DRZRJ; DRG0DSSHU; DRG0DYKDY; DRG0DZPBK; DRG0DZWGP; DRG0ENGJC; DRG0FAKKA; DRG0FPZBW; DRG0FWLWD; DRG0GAZEJ; DRG0GKHFY; DRG0GPMCI; DRG0GSPWR; DRG0GTTXQ; DRG0GWVHK; DRG0GXCCF; DRG0HCGBQ; DRG0HDIEW; DRG0HFCDR; DRG0HRDJC; DRG0HTIFE	https://adcdb.idrblab.net/data/abt/details/TAR0QPCSQ
TAR0KHWXY	Tumor-associated calcium signal transducer 2 (TACSTD2); Inactive tyrosine-protein kinase 7 (PTK7)	ADC_TARGET		1	BCG033		https://adcdb.idrblab.net/data/abt/details/TAR0KHWXY
TAR0HECUK	Tumor-associated calcium signal transducer 2 (TROP2); Epidermal growth factor receptor (EGFR)	ADC_TARGET		2		DRG0PGRFM; DRG0SSFSR	https://adcdb.idrblab.net/data/abt/details/TAR0HECUK
TAR0MIBZW	Tumor-associated calcium signal transducer 2 (TROP2)	ADC_TARGET	GA733-1; M1S1; TROP2; Cell surface glycoprotein Trop-2;Membrane component chromosome 1 surface marker 1;Pancreatic carcinoma marker protein GA733-1	133		DRG0AHCYZ; DRG0AJCCS; DRG0ASGOI; DRG0AVQWJ; DRG0BBPAO; DRG0BDGKC; DRG0BSQPI; DRG0BZCIJ; DRG0CKTLM; DRG0DCGSH; DRG0DHQLH; DRG0DLGJR; DRG0DLKUH; DRG0DQLFD; DRG0DROJG; DRG0DYEAY; DRG0ECVTS; DRG0EHHNF; DRG0EKTUN; DRG0EMCCF; DRG0EMINM; DRG0EOMCN; DRG0EPDJX; DRG0ETHBU; DRG0FAUWH; DRG0GGFRA; DRG0GKVQV; DRG0GKWZD; DRG0GNFCO; DRG0GSDAM	https://adcdb.idrblab.net/data/abt/details/TAR0MIBZW
TAR0GDENB	Tumor-associated glycoprotein 72 (TAG-72)	ADC_TARGET		2		DRG0FBPCP; DRG0QCPHD	https://adcdb.idrblab.net/data/abt/details/TAR0GDENB
TAR0LMKRD	Tyrosine-protein kinase Mer (MERTK)	ADC_TARGET	MER; Proto-oncogene c-Mer;Receptor tyrosine kinase MerTK	1		DRG0YHPYG	https://adcdb.idrblab.net/data/abt/details/TAR0LMKRD
TAR0PMKUR	Tyrosine-protein kinase receptor UFO (AXL)	ADC_TARGET	UFO; AXL oncogene	35		DRG0CIUVX; DRG0CSVVO; DRG0DVGRB; DRG0DXSAS; DRG0EBJHZ; DRG0EPRFB; DRG0FCQNM; DRG0GAFEV; DRG0GPDMQ; DRG0HYZXU; DRG0IMAKZ; DRG0IPNZN; DRG0IQCHT; DRG0IRKJU; DRG0JNTHN; DRG0KCPYE; DRG0LDOOO; DRG0LXDJK; DRG0MBPYE; DRG0MCWQA; DRG0NLSNX; DRG0NMUES; DRG0PKONO; DRG0QIWDV; DRG0RNHKA; DRG0RRYWS; DRG0RWHLW; DRG0SQBWK; DRG0SVHOC; DRG0TZZNJ	https://adcdb.idrblab.net/data/abt/details/TAR0PMKUR
TAR0DJPZG	Tyrosine-protein kinase transmembrane receptor ROR2 (ROR2)	ADC_TARGET	NTRKR2; Neurotrophic tyrosine kinase, receptor-related 2	1		DRG0EWQKX	https://adcdb.idrblab.net/data/abt/details/TAR0DJPZG
TAR0FWJCJ	Urokinase plasminogen activator surface receptor (PLAUR)	ADC_TARGET	MO3; UPAR; Monocyte activation antigen Mo3;CD_antigen=CD87	10	2G10 RED-106 maytansine 2; 2G10 RED-106 maytansine 4; 2G10 RED-244 MMAE 2; 2G10 RED-244 MMAE 4; 2G10 RED-388 MMAE 4; 2G10 RED-412 MMAE 4; 2G10 RED-425 maytansine 4; 2G10 RED-426 MMAE 4; 2G10 RED-432 maytansine 4; DRG0BXBTG		https://adcdb.idrblab.net/data/abt/details/TAR0FWJCJ
TAR0LCGUX	V-set domain-containing T-cell activation inhibitor 1 (VTCN1)	ADC_TARGET	B7 homolog 4;B7h.5;Immune costimulatory protein B7-H4;Protein B7S1;T-cell costimulatory molecule B7x	7		DRG0ERYUF; DRG0FPQOM; DRG0LXXOJ; DRG0OQAEX; DRG0TKHGV; DRG0UHEOR; DRG0XKZBO	https://adcdb.idrblab.net/data/abt/details/TAR0LCGUX
TAR0WTBIA	V-type immunoglobulin domain-containing suppressor of T-cell activation (VSIR)	ADC_TARGET		43	DRG0AHXKK; DRG0AYREF; DRG0CLADU; DRG0CMBTM; DRG0CNWVL; DRG0EDBMQ; DRG0EHUOS; DRG0FEXYU; DRG0FOTZU; DRG0GTEPK; DRG0IBIWE; DRG0JGBUL; DRG0JIMRK; DRG0JJMJR; DRG0JMFVP; DRG0JUSRM; DRG0KLOWH; DRG0LUFIV; DRG0MDKFM; DRG0MYANK; DRG0NWIQB; DRG0OCCNZ; DRG0OWFAV; DRG0OWTIV; DRG0PITHC; DRG0PIWJU; DRG0SEFAU; DRG0SPWRT; DRG0TDYYE; DRG0TMTJJ		https://adcdb.idrblab.net/data/abt/details/TAR0WTBIA
TAR0VKDND	Vascular endothelial growth factor A (VEGFA)	ADC_TARGET	VEGF; Vascular permeability factor	22		DRG0BEGZQ; DRG0BOUEM; DRG0BUFGH; DRG0BUOZU; DRG0CDQHU; DRG0DTDAK; DRG0EMVHW; DRG0EVZZK; DRG0FMKSG; DRG0IRZPG; DRG0JICLM; DRG0NEROT; DRG0NMRNE; DRG0OLSDI; DRG0QXNPZ; DRG0TACZR; DRG0VSGVG; DRG0XFTRM; DRG0XUVMS; DRG0YFOMV; DRG0ZDOYQ; DRG0ZZRDP	https://adcdb.idrblab.net/data/abt/details/TAR0VKDND
TAR0TXGBY	Vascular endothelial growth factor receptor 2 (KDR)	ADC_TARGET	FLK1; VEGFR2; Fetal liver kinase 1;Kinase insert domain receptor;Protein-tyrosine kinase receptor flk-1;CD_antigen=CD309	6		DRG0CZWKS; DRG0MPSKX; DRG0OIAKI; DRG0RWVUF; DRG0WAPVE; DRG0ZUUXN	https://adcdb.idrblab.net/data/abt/details/TAR0TXGBY
TAR0WYJEC	Vesicle-associated membrane protein 8 (VAMP8)	ADC_TARGET	Endobrevin	1	cot-APTEDB-SN38		https://adcdb.idrblab.net/data/abt/details/TAR0WYJEC
TAR0CHCZT	Zinc transporter ZIP6 (SLC39A6)	ADC_TARGET	LIV1; ZIP6; Estrogen-regulated protein LIV-1;Solute carrier family 39 member 6;Zrt- and Irt-like protein 6	4		DRG0EWNZL; DRG0JYKFE; DRG0RHAZG; DRG0YLNPN	https://adcdb.idrblab.net/data/abt/details/TAR0CHCZT
